Ticker,Name
360ONE,360 ONE WAM Ltd.
3MINDIA,3M India Ltd.
A,Agilent Technologies Inc.
AA,Alcoa Corp.
AADHARHFC,Aadhar Housing Finance Ltd.
AAL,American Airlines Group Inc.
AAMI,Acadian Asset Management Inc.
AAOI,Applied Optoelectronics Inc.
AAON,Aaon Inc.
AAP,Advance Auto Parts Inc.
AAPL,Apple Inc.
AARD,Aardvark Therapeutics Inc.
AARTIDRUGS,Aarti Drugs Ltd.
AARTIIND,Aarti Industries Ltd.
AARTIPHARM,Aarti Pharmalabs Ltd.
AAT,American Assets Trust Inc.
AAVAS,Aavas Financiers Ltd.
ABAT,American Battery Technology Co.
ABB,ABB India Ltd.
ABBOTINDIA,Abbott India Ltd.
ABBV,Abbvie Inc.
ABCAPITAL,Aditya Birla Capital Ltd.
ABCB,Ameris Bancorp
ABDL,Allied Blenders and Distillers Ltd.
ABEO,Abeona Therapeutics Inc.
ABFRL,Aditya Birla Fashion and Retail Ltd.
ABG,Asbury Automotive Group Inc.
ABLBL,Aditya Birla Lifestyle Brands Ltd.
ABM,Abm Industries Inc.
ABNB,Airbnb Inc. Class A
ABOS,Acumen Pharmaceuticals Inc.
ABR,Arbor Realty Trust Inc.
ABREL,Aditya Birla Real Estate Ltd.
ABSI,Absci Corp.
ABSLAMC,Aditya Birla Sun Life AMC Ltd.
ABT,Abbott Laboratories
ABUS,Arbutus Biopharma Corp.
ABX,Abacus Global Management Inc.
ACA,Arcosa Inc.
ACAD,Acadia Pharmaceuticals Inc.
ACC,ACC Ltd.
ACCO,Acco Brands Corp.
ACCS,Access Newswire Inc.
ACDC,Profrac Holding Class A Corp
ACE,Action Construction Equipment Ltd.
ACEL,Accel Entertainment Inc. Class A
ACET,Adicet Bio Inc.
ACFN,Acorn Energy Inc.
ACGL,Arch Capital Group Ltd.
ACH,Accendra Health Inc.
ACHC,Acadia Healthcare Co. Inc.
ACHR,Archer Aviation Inc. Class A
ACHV,Achieve Life Sciences Inc.
ACI,Archean Chemical Industries Ltd.
ACIC,American Coastal Insurance Corp.
ACIW,Aci Worldwide Inc.
ACLS,Axcelis Technologies Inc.
ACLX,Arcellx Inc
ACM,Aecom
ACMESOLAR,ACME Solar Holdings Ltd.
ACMR,Acm Research Inc. Class A
ACN,Accenture Plc Class A
ACNB,Acnb Corp.
ACNT,Ascent Industries Co.
ACR,Acres Commercial Realty Corp.
ACRE,Ares Commercial Real Estate Corp.
ACRS,Aclaris Therapeutics Inc.
ACRV,Acrivon Therapeutics Inc.
ACT,Enact Holdings Inc.
ACTG,Acacia Research Corp.
ACTU,Actuate Therapeutics Inc.
ACU,Acme United Corp.
ACUTAAS,Acutaas Chemicals Ltd.
ACVA,Acv Auctions Inc. Class A
AD,Array Digital Infrastructure Inc.
ADAM,Adamas Trust Inc.
ADANIENSOL,Adani Energy Solutions Ltd.
ADANIENT,Adani Enterprises Ltd.
ADANIGREEN,Adani Green Energy Ltd.
ADANIPORTS,Adani Ports and Special Economic Zone Ltd.
ADANIPOWER,Adani Power Ltd.
ADBE,Adobe Inc.
ADC,Agree Realty Corp.
ADCT,Adc Therapeutics Sa
ADEA,Adeia Inc.
ADGM,Adagio Medical Holdings Inc.
ADI,Analog Devices Inc.
ADM,Archer-Daniels-Midland Co.
ADMA,Adma Biologics Inc.
ADNT,Adient Plc
ADP,Automatic Data Processing Inc.
ADPT,Adaptive Biotechnologies Corp.
ADRO,Chinook Therapeutics Inc
ADSK,Autodesk Inc.
ADT,Adt Inc.
ADTI,Adapti Inc.
ADTN,Adtran Holdings Inc.
ADUS,Addus Homecare Corp.
ADV,Advantage Solutions Inc.
ADVENZYMES,Advanced Enzyme Tech Ltd.
AEBI,Aebi Schmidt Holding Ag
AEE,Ameren Corp.
AEGISLOG,Aegis Logistics Ltd.
AEGISVOPAK,Aegis Vopak Terminals Ltd.
AEHR,Aehr Test Systems
AEIS,Advanced Energy Industries Inc.
AEO,American Eagle Outfitters Inc.
AEP,American Electric Power Co. Inc.
AEQUS,Aequs Ltd.
AES,Aes Corp.
AESI,Atlas Energy Solutions Inc.
AETHER,Aether Industries Ltd.
AEVA,Aeva Technologies Inc.
AEYE,Audioeye Inc.
AFBI,Affinity Bancshares Inc.
AFCONS,Afcons Infrastructure Ltd.
AFFLE,Affle 3i Ltd.
AFG,American Financial Group Inc./Oh
AFL,Aflac Inc.
AFRM,Affirm Holdings Inc.
AGAE,Allied Gaming & Entertainment Inc.
AGARWALEYE,Dr. Agarwal's Health Care Ltd.
AGCO,Agco Corp.
AGEN,Agenus Inc.
AGH,Aureus Greenway Holdings Inc.
AGIO,Agios Pharmaceuticals Inc.
AGL,Agilon Health Inc.
AGM,Federal Agricultural Mortgage Corp. Class C
AGNC,Agnc Investment Corp.
AGNT,Exp World Holdings Inc
AGO,Assured Guaranty Ltd.
AGX,Argan Inc.
AGYS,Agilysys Inc.
AHCO,Adapthealth Corp. Class A
AHLUCONT,Ahluwalia Contracts (India) Ltd.
AHR,American Healthcare Reit Inc.
AHRT,Ah Realty Trust Inc.
AHT,Ashford Hospitality Trust Inc.
AI,C3.Ai Inc. Class A
AIAENG,AIA Engineering Ltd.
AIG,American International Group Inc.
AII,American Integrity Insurance Group Inc.
AIIL,Authum Investment & Infrastructure Ltd.
AIN,Albany International Corp. Class A
AIOT,Powerfleet Inc. Nj
AIP,Arteris Inc.
AIR,Aar Corp.
AIRE,Realpha Tech Corp.
AIRG,Airgain Inc.
AIRI,Air Industries Group
AIRJ,Airjoule Technologies Corp. Class A
AIRO,Airo Group Holdings Inc.
AIRT,Air T Inc.
AISP,Airship Ai Holdings Inc.
AIT,Applied Industrial Technologies Inc.
AIV,Apartment Investment And Management Co.
AIZ,Assurant Inc.
AJANTPHARM,Ajanta Pharmaceuticals Ltd.
AJG,Arthur J Gallagher & Co.
AKAM,Akamai Technologies Inc.
AKBA,Akebia Therapeutics Inc.
AKE,Akero Therapeutics Cvr
AKR,Acadia Realty Trust
AKTS,Aktis Oncology Inc.
AKUMS,Akums Drugs and Pharmaceuticals Ltd.
AKZOINDIA,Akzo Nobel India Ltd.
AL,Air Lease Corp Class A
ALAB,Astera Labs Inc.
ALB,Albemarle Corp.
ALCO,Alico Inc.
ALDX,Aldeyra Therapeutics Inc.
ALEC,Alector Inc.
ALG,Alamo Group Inc.
ALGM,Allegro Microsystems Inc.
ALGN,Align Technology Inc.
ALGS,Aligos Therapeutics Inc.
ALGT,Allegiant Travel Co. Class A
ALH,Alliance Laundry Holdings Inc.
ALHC,Alignment Healthcare Inc.
ALIT,Alight Inc. Class A
ALIVUS,Alivus Life Sciences Ltd.
ALK,Alaska Air Group Inc.
ALKEM,Alkem Laboratories Ltd.
ALKS,Alkermes Plc
ALKT,Alkami Technology Inc.
ALKYLAMINE,Alkyl Amines Chemicals Ltd.
ALL,Allstate Corp.
ALLE,Allegion Plc
ALLO,Allogene Therapeutics Inc.
ALLY,Ally Financial Inc.
ALMS,Alumis Inc.
ALMU,Aeluma Inc.
ALNT,Allient Inc.
ALNY,Alnylam Pharmaceuticals Inc.
ALOKINDS,Alok Industries Ltd.
ALOT,Astronova Inc.
ALOY,Realloys Inc.
ALRM,Alarm.Com Holdings Inc.
ALRS,Alerus Financial Corp.
ALSN,Allison Transmission Holdings Inc.
ALT,Altimmune Inc.
ALTG,Alta Equipment Group Inc.
ALTI,Alti Global Inc.
ALTO,Alto Ingredients Inc.
ALTS,Ai Financial Corp.
ALX,Alexander'S Inc.
ALXO,Alx Oncology Holdings Inc.
AM,Antero Midstream Corp.
AMAL,Amalgamated Bank Class A
AMAT,Applied Materials Inc.
AMBA,Ambarella Inc.
AMBER,Amber Enterprises India Ltd.
AMBP,Ardagh Metal Packaging Sa
AMBQ,Ambiq Micro Inc.
AMBUJACEM,Ambuja Cements Ltd.
AMC,Amc Entertainment Holdings Inc. Class A
AMCR,Amcor Plc
AMCX,Amc Networks Inc. Class A
AMD,Advanced Micro Devices Inc.
AME,Ametek Inc.
AMG,Affiliated Managers Group Inc.
AMGN,Amgen Inc.
AMH,American Homes 4 Rent Class A
AMKR,Amkor Technology Inc.
AMLX,Amylyx Pharmaceuticals Inc.
AMN,Amn Healthcare Services Inc.
AMOD,Alpha Modus Holdings Inc.
AMP,Ameriprise Financial Inc.
AMPG,Amplitech Group Inc.
AMPH,Amphastar Pharmaceuticals Inc.
AMPL,Amplitude Inc. Class A
AMPX,Amprius Technologies Inc.
AMPY,Amplify Energy Corp.
AMR,Alpha Metallurgical Resources Inc.
AMRC,Ameresco Inc. Class A
AMRX,Amneal Pharmaceuticals Inc.
AMS,American Shared Hospital Services
AMSC,American Superconductor Corp.
AMSF,Amerisafe Inc.
AMT,American Tower Corp.
AMTB,Amerant Bancorp Inc. Class A
AMTM,Amentum Holdings Inc.
AMTX,Aemetis Inc.
AMWD,American Woodmark Corp.
AMWL,American Well Corp. Class A
AMZN,Amazon.Com Inc.
AN,Autonation Inc.
ANAB,Anaptysbio Inc.
ANANDRATHI,Anand Rathi Wealth Ltd.
ANANTRAJ,Anant Raj Ltd.
ANDE,Andersons Inc.
ANDG,Andersen Group Inc. Class A
ANET,Arista Networks Inc.
ANF,Abercrombie & Fitch Co.
ANGELONE,Angel One Ltd.
ANGI,Angi Inc. Class A
ANGO,Angiodynamics Inc.
ANIK,Anika Therapeutics Inc.
ANIP,Ani Pharmaceuticals Inc.
ANIX,Anixa Biosciences Inc.
ANNX,Annexon Inc.
ANRO,Alto Neuroscience Inc.
ANTHEM,Anthem Biosciences Ltd.
ANTX,An2 Therapeutics Inc.
ANUP,The Anup Engineering Ltd.
ANURAS,Anupam Rasayan India Ltd.
ANVS,Annovis Bio Inc.
AOMR,Angel Oak Mortgage Reit Inc.
AON,Aon Plc Class A
AORT,Artivion Inc.
AOS,A O Smith Corp.
AOSL,Alpha & Omega Semiconductor Ltd.
AOUT,American Outdoor Brands Inc.
AP,Ampco-Pittsburgh Corp.
APA,Apa Corp.
APAM,Artisan Partners Asset Management Inc. Class A
APARINDS,Apar Industries Ltd.
APC,Arko Petroleum Corp.
APD,Air Products & Chemicals Inc.
APEI,American Public Education Inc.
APG,Api Group Corp.
APGE,Apogee Therapeutics Inc.
APH,Amphenol Corp. Class A
APLAPOLLO,APL Apollo Tubes Ltd.
APLD,Applied Digital Corp.
APLE,Apple Hospitality Reit Inc.
APLLTD,Alembic Pharmaceuticals Ltd.
APLS,Apellis Pharmaceuticals Inc.
APO,Apollo Global Management Inc.
APOG,Apogee Enterprises Inc.
APOLLO,Apollo Micro Systems Ltd.
APOLLOHOSP,Apollo Hospitals Enterprise Ltd.
APOLLOTYRE,Apollo Tyres Ltd.
APP,Applovin Corp. Class A
APPF,Appfolio Inc.
APPN,Appian Corp. Class A
APPS,Digital Turbine Inc.
APT,Alpha Pro Tech Ltd.
APTUS,Aptus Value Housing Finance India Ltd.
APTV,Aptiv Plc
APYX,Apyx Medical Corp.
AQST,Aquestive Therapeutics Inc.
AR,Antero Resources Corp.
ARAI,Arrive Ai Inc.
ARAV,Aravive Inc.
ARAY,Accuray Inc.
ARCB,Arcbest Corp.
ARCT,Arcturus Therapeutics Holdings Inc.
ARDT,Ardent Health Inc.
ARDX,Ardelyx Inc.
ARE,Alexandria Real Estate Equities Inc.
ARE&M,Amara Raja Energy & Mobility Ltd.
AREC,American Resources Corp.
AREN,Arena Group Holdings Inc.
ARES,Ares Management Corp. Class A
ARHS,Arhaus Inc. Class A
ARI,Apollo Commercial Real Estate Finance Inc.
ARKO,Arko Corp.
ARKR,Ark Restaurants Corp.
ARLO,Arlo Technologies Inc.
ARMK,Aramark
ARMP,Armata Pharmaceuticals Inc.
AROC,Archrock Inc.
AROW,Arrow Financial Corp.
ARQ,Arq Inc.
ARQT,Arcutis Biotherapeutics Inc.
ARR,Armour Residential Reit Inc.
ARRY,Array Technologies Inc.
ARTNA,Artesian Resources Corp. Class A
ARTV,Artiva Biotherapeutics Inc.
ARVIND,Arvind Ltd.
ARVINDFASN,Arvind Fashions Ltd.
ARVN,Arvinas Inc.
ARW,Arrow Electronics Inc.
ARWR,Arrowhead Pharmaceuticals Inc.
ARX,Accelerant Holdings Class A
AS,Amer Sports Inc
ASAHIINDIA,Asahi India Glass Ltd.
ASAN,Asana Inc.
ASB,Associated Banc-Corp
ASC,Ardmore Shipping Corp
ASGN,Everforth Inc.
ASH,Ashland Inc.
ASHAPURMIN,Ashapura Minechem Ltd.
ASHOKA,Ashoka Buildcon Ltd.
ASHOKLEY,Ashok Leyland Ltd.
ASIANPAINT,Asian Paints Ltd.
ASIC,Ategrity Specialty Holdings Llc
ASIX,Advansix Inc.
ASKAUTOLTD,ASK Automotive Ltd.
ASLE,Aersale Corp.
ASMB,Assembly Biosciences Inc.
ASO,Academy Sports & Outdoors Inc.
ASPI,Asp Isotopes Inc.
ASPN,Aspen Aerogels Inc.
ASPS,Altisource Portfolio Solutions Sa
ASRT,Assertio Holdings Inc.
ASRV,Ameriserv Financial Inc.
ASST,Strive Inc. Class A
ASTE,Astec Industries Inc.
ASTERDM,Aster DM Healthcare Ltd.
ASTH,Astrana Health Inc.
ASTI,Ascent Solar Technologies Inc.
ASTRAL,Astral Ltd.
ASTRAMICRO,Astra Microwave Products Ltd.
ASTRAZEN,AstraZenca Pharma India Ltd.
ASTS,Ast Spacemobile Inc. Class A
ASUR,Asure Software Inc.
ASYS,Amtech Systems Inc.
ATAI,Ataibeckley Inc.
ATEC,Alphatec Holdings Inc.
ATEN,A10 Networks Inc.
ATEX,Anterix Inc.
ATGL,Adani Total Gas Ltd.
ATHERENERG,Ather Energy Ltd.
ATHR,Aether Holdings Inc.
ATI,Ati Inc.
ATKR,Atkore Inc.
ATLANTAELE,Atlanta Electricals Ltd.
ATLC,Atlanticus Holdings Corp.
ATLN,Atlantic International Corp.
ATLO,Ames National Corp.
ATMU,Atmus Filtration Technologies Inc.
ATNI,Atn International Inc.
ATNM,Actinium Pharmaceuticals Inc.
ATO,Atmos Energy Corp.
ATOM,Atomera Inc.
ATOS,Atossa Therapeutics Inc.
ATR,Aptargroup Inc.
ATRA,Atara Biotherapeutics Inc.
ATRC,Atricure Inc.
ATRO,Astronics Corp.
ATUL,Atul Ltd.
ATYR,Atyr Pharma Inc.
AU,Anglogold Ashanti Plc
AUB,Atlantic Union Bankshares Corp.
AUBANK,AU Small Finance Bank Ltd.
AUBN,Auburn National Bancorp Inc.
AUID,Authid Inc.
AUPH,Aurinia Pharmaceuticals Inc
AUR,Aurora Innovation Inc. Class A
AURA,Aura Biosciences Inc.
AURIONPRO,Aurionpro Solution Ltd.
AUROPHARMA,Aurobindo Pharma Ltd.
AVA,Avista Corp.
AVAH,Aveanna Healthcare Holdings Inc.
AVALON,Avalon Technologies Ltd.
AVANTIFEED,Avanti Feeds Ltd.
AVAV,Aerovironment Inc.
AVB,Avalonbay Communities Inc.
AVBC,Avidia Bancorp Inc.
AVBH,Avidbank Holdings Inc.
AVBP,Arrivent Biopharma Inc.
AVD,American Vanguard Corp.
AVGO,Broadcom Inc.
AVIR,Atea Pharmaceuticals Inc.
AVL,Aditya Vision Ltd.
AVLN,Avalyn Pharma Inc.
AVNS,Avanos Medical Inc.
AVNT,Avient Corp.
AVNW,Aviat Networks Inc.
AVO,Mission Produce Inc.
AVPT,Avepoint Inc.
AVT,Avnet Inc.
AVTR,Avantor Inc.
AVTX,Avalo Therapeutics Inc.
AVXL,Anavex Life Sciences Corp.
AVY,Avery Dennison Corp.
AWFIS,Awfis Space Solutions Ltd.
AWI,Armstrong World Industries Inc.
AWK,American Water Works Co. Inc.
AWL,AWL Agri Business Ltd.
AWR,American States Water Co.
AWRE,Aware Inc./Ma
AX,Axos Financial Inc.
AXGN,Axogen Inc.
AXIL,Axil Brands Inc.
AXISBANK,Axis Bank Ltd.
AXISCADES,AXISCADES Technologies Ltd.
AXON,Axon Enterprise Inc.
AXP,American Express Co.
AXR,Amrep Corp.
AXS,Axis Capital Holdings Ltd.
AXSM,Axsome Therapeutics Inc.
AXTA,Axalta Coating Systems Ltd.
AXTI,Axt Inc.
AYI,Acuity Inc.
AYTU,Aytu Biopharma Inc.
AZAD,Azad Engineering Ltd.
AZO,Autozone Inc.
AZTA,Azenta Inc.
AZZ,Azz Inc.
BA,Boeing Co.
BAC,Bank Of America Corp.
BAER,Bridger Aerospace Group Holdings Inc.
BAFN,Bayfirst Financial Corp.
BAH,Booz Allen Hamilton Holding Corp. Class A
BAJAJ-AUTO,Bajaj Auto Ltd.
BAJAJELEC,Bajaj Electricals Ltd
BAJAJFINSV,Bajaj Finserv Ltd.
BAJAJHFL,Bajaj Housing Finance Ltd.
BAJAJHLDNG,Bajaj Holdings & Investment Ltd.
BAJFINANCE,Bajaj Finance Ltd.
BALAMINES,Balaji Amines Ltd.
BALKRISIND,Balkrishna Industries Ltd.
BALL,Ball Corp.
BALRAMCHIN,Balrampur Chini Mills Ltd.
BALUFORGE,Balu Forge Industries Ltd.
BALY,Bally'S Corp.
BAM,Brookfield Asset Management Voting
BANC,Banc Of California Inc.
BANCOINDIA,Banco Products (India) Ltd.
BAND,Bandwidth Inc. Class A
BANDHANBNK,Bandhan Bank Ltd.
BANF,Bancfirst Corp.
BANKBARODA,Bank of Baroda
BANKINDIA,Bank of India
BANR,Banner Corp.
BARK,Bark Inc.
BASF,BASF India Ltd.
BATAINDIA,Bata India Ltd.
BATL,Battalion Oil Corp.
BATRA,Atlanta Braves Holdings Inc.
BATRK,Atlanta Braves Holdings Inc.
BAX,Baxter International Inc.
BAYERCROP,Bayer Cropscience Ltd.
BBAI,Bigbear.Ai Holdings Inc.
BBBY,Bed Bath & Beyond Inc.
BBCP,Concrete Pumping Holdings Inc.
BBIO,Bridgebio Pharma Inc.
BBNX,Beta Bionics Inc.
BBOX,Black Box Ltd.
BBSI,Barrett Business Services Inc.
BBT,Beacon Financial Corp.
BBTC,Bombay Burmah Trading Corporation Ltd.
BBUC,Brookfield Business Corp Class A
BBW,Build-A-Bear Workshop Inc.
BBWI,Bath & Body Works Inc.
BBY,Best Buy Co. Inc.
BC,Brunswick Corp./De
BCAB,Bioatla Inc.
BCAL,California Bancorp
BCAX,Bicara Therapeutics Inc.
BCBP,Bcb Bancorp Inc.
BCC,Boise Cascade Co.
BCDA,Biocardia Inc.
BCG,Binah Capital Group Inc.
BCML,Baycom Corp.
BCO,Brink'S Co.
BCPC,Balchem Corp.
BCRX,Biocryst Pharmaceuticals Inc.
BDC,Belden Inc.
BDL,Bharat Dynamics Ltd.
BDN,Brandywine Realty Trust
BDSX,Biodesix Inc.
BDTX,Black Diamond Therapeutics Inc.
BDX,Becton Dickinson & Co.
BE,Bloom Energy Corp. Class A
BEAM,Beam Therapeutics Inc.
BEAT,Heartbeam Inc
BECTORFOOD,Mrs. Bectors Food Specialities Ltd.
BEEM,Beam Global
BEEP,Mobile Infrastructure Corp.
BEL,Bharat Electronics Ltd.
BELFA,Bel Fuse Inc. Class A
BELFB,Bel Fuse Inc. Class B
BELRISE,Belrise Industries Ltd.
BEML,BEML Ltd.
BEN,Franklin Resources Inc.
BEPC,Brookfield Renewable Subordinate V
BERGEPAINT,Berger Paints India Ltd.
BETA,Beta Technologies Inc.
BETR,Better Home & Finance Holding Co. Class A
BFA,Brown Forman Corp Class A
BFAM,Bright Horizons Family Solutions Inc.
BFB,Brown Forman Corp Class B
BFC,Bank First Corp.
BFH,Bread Financial Holdings Inc.
BFLY,Butterfly Network Inc. Class A
BFS,Saul Centers Inc.
BFST,Business First Bancshares Inc.
BG,Bunge Global Sa
BGC,Bgc Group Inc. Class A
BGS,B&G Foods Inc.
BGSF,Bgsf Inc.
BH,Biglari Holdings Inc. Class B
BHARATFORG,Bharat Forge Ltd.
BHARTIARTL,Bharti Airtel Ltd.
BHARTIHEXA,Bharti Hexacom Ltd.
BHB,Bar Harbor Bankshares
BHE,Benchmark Electronics Inc.
BHEL,Bharat Heavy Electricals Ltd.
BHF,Brighthouse Financial Inc.
BHM,Bluerock Homes Trust Inc.
BHR,Braemar Hotels & Resorts Inc.
BHRB,Burke & Herbert Financial Services Corp.
BHVN,Biohaven Ltd
BIIB,Biogen Inc.
BIKAJI,Bikaji Foods International Ltd.
BILL,Bill Holdings Inc.
BIO,Bio-Rad Laboratories Inc. Class A
BIOA,Bioage Labs Inc.
BIOCON,Biocon Ltd.
BIPC,Brookfield Infrastructure Corp Cla
BIRD,Allbirds Inc. Class A
BIRK,Birkenstock Holding Plc
BIRLACORPN,Birla Corporation Ltd.
BJ,Bj'S Wholesale Club Holdings Inc.
BJRI,Bj'S Restaurants Inc.
BK,Bank Of New York Mellon Corp.
BKD,Brookdale Senior Living Inc.
BKE,Buckle Inc.
BKH,Black Hills Corp.
BKKT,Bakkt Inc. Class A
BKNG,Booking Holdings Inc.
BKR,Baker Hughes Co. Class A
BKSY,Blacksky Technology Inc. Class A
BKTI,Bk Technologies Corp.
BKU,Bankunited Inc.
BKV,Bkv Corp.
BL,Blackline Inc.
BLACKBUCK,Blackbuck Ltd.
BLBD,Blue Bird Corp.
BLD,Topbuild Corp.
BLDR,Builders Firstsource Inc.
BLFS,Biolife Solutions Inc.
BLFY,Blue Foundry Bancorp
BLK,Blackrock Inc.
BLKB,Blackbaud Inc.
BLLN,Billiontoone Inc.
BLMN,Bloomin' Brands Inc.
BLND,Blend Labs Inc. Class A
BLNK,Blink Charging Co.
BLS,BLS International Services Ltd.
BLSH,Bullish
BLUEDART,Blue Dart Express Ltd.
BLUEJET,Blue Jet Healthcare Ltd.
BLUESTARCO,Blue Star Ltd.
BLUESTONE,BlueStone Jewellery and Lifestyle Ltd.
BLX,Banco Latinoamericano De Comercio
BLZE,Backblaze Inc. Class A
BMBL,Bumble Inc. Class A
BMEA,Biomea Fusion Inc.
BMI,Badger Meter Inc.
BMNR,Bitmine Immersion Technologies Inc.
BMRC,Bank Of Marin Bancorp
BMRN,Biomarin Pharmaceutical Inc.
BMY,Bristol-Myers Squibb Co.
BNAI,Brand Engagement Network Inc.
BNC,Cea Industries Inc.
BNED,Barnes & Noble Education Inc.
BNKK,Bonk Inc.
BNL,Broadstone Net Lease Inc.
BNTC,Benitec Biopharma Inc.
BOBS,Bob'S Discount Furniture Inc.
BOC,Boston Omaha Corp. Class A
BODI,Beachbody Co. Inc.
BOF,Branchout Food Inc.
BOH,Bank Of Hawaii Corp.
BOKF,Bok Financial Corp.
BOLD,Boundless Bio Inc.
BOOM,Dmc Global Inc
BOOT,Boot Barn Holdings Inc.
BORORENEW,Borosil Renewables Ltd.
BORR,Borr Drilling Ltd
BOSCHLTD,Bosch Ltd.
BOTJ,Bank Of The James Financial Group Inc.
BOW,Bowhead Specialty Holdings Inc.
BOX,Box Inc.
BPCL,Bharat Petroleum Corporation Ltd.
BPOP,Popular Inc.
BPRN,Princeton Bancorp Inc.
BR,Broadridge Financial Solutions Inc.
BRBR,Bellring Brands Inc.
BRBS,Blue Ridge Bankshares Inc.
BRC,Brady Corp. Class A
BRCB,Black Rock Coffee Bar Inc. Class A
BRCC,Brc Inc. Class A
BRFH,Barfresh Food Group Inc.
BRID,Bridgford Foods Corp.
BRIGADE,Brigade Enterprises Ltd.
BRITANNIA,Britannia Industries Ltd.
BRKB,Berkshire Hathaway Inc Class B
BRKR,Bruker Corp.
BRLT,Brilliant Earth Group Inc.
BRN,Barnwell Industries Inc.
BRO,Brown & Brown Inc.
BROS,Dutch Bros Inc. Class A
BRSL,Brightstar Lottery Plc
BRSP,Brightspire Capital Inc. Class A
BRT,Brt Apartments Corp.
BRX,Brixmor Property Group Inc.
BRZE,Braze Inc. Class A
BSBK,Bogota Financial Corp.
BSE,BSE Ltd.
BSET,Bassett Furniture Industries Inc.
BSOFT,Birlasoft Ltd.
BSRR,Sierra Bancorp
BSVN,Bank7 Corp.
BSX,Boston Scientific Corp.
BSY,Bentley Systems Inc. Class B
BTBT,Bit Digital Inc
BTCS,Btcs Inc.
BTDR,Bitdeer Technologies Group Class A
BTGO,Bitgo Holdings Inc. Class A
BTM,Bitcoin Depot Inc.
BTMD,Biote Corp. Class A
BTOC,Armlogi Holding Corp.
BTSG,Brightspring Health Services Inc.
BTU,Peabody Energy Corp.
BULL,Webull Corp Class A
BUR,Burford Capital Ltd
BURL,Burlington Stores Inc.
BURU,Nuburu Inc.
BUSE,First Busey Corp.
BV,Brightview Holdings Inc.
BVFL,Bv Financial Inc.
BVS,Bioventus Inc.
BW,Babcock & Wilcox Enterprises Inc.
BWA,Borgwarner Inc.
BWB,Bridgewater Bancshares Inc.
BWEN,Broadwind Inc.
BWFG,Bankwell Financial Group Inc.
BWIN,Baldwin Insurance Group Inc. Class A
BWMN,Bowman Consulting Group Ltd.
BWXT,Bwx Technologies Inc.
BX,Blackstone Group Lp Class A
BXC,Bluelinx Holdings Inc.
BXMT,Blackstone Mortgage Trust Inc. Class A
BXP,Bxp Inc.
BY,Byline Bancorp Inc.
BYD,Boyd Gaming Corp.
BYFC,Broadway Financial Corp./De
BYND,Beyond Meat Inc.
BYRN,Byrna Technologies Inc.
BYSI,Beyondspring Inc.
BZAI,Blaize Holdings Inc.
BZFD,Buzzfeed Inc.
BZH,Beazer Homes Usa Inc.
C,Citigroup Inc.
CABA,Cabaletta Bio Inc.
CABO,Cable One Inc.
CAC,Camden National Corp.
CACC,Credit Acceptance Corp.
CACI,Caci International Inc. Class A
CADL,Candel Therapeutics Inc.
CAG,Conagra Brands Inc.
CAH,Cardinal Health Inc.
CAI,Caris Life Sciences Inc.
CAKE,Cheesecake Factory Inc.
CAL,Caleres Inc.
CALM,Cal-Maine Foods Inc.
CALX,Calix Inc.
CALY,Callaway Golf Co.
CAMP,Camp4 Therapeutics Corp.
CAMPUS,Campus Activewear Ltd.
CAMS,Computer Age Management Services Ltd.
CANBK,Canara Bank
CANFINHOME,Can Fin Homes Ltd.
CANHLIFE,Canara HSBC Life Insurance Company Ltd.
CAPILLARY,Capillary Technologies India Ltd.
CAPLIPOINT,Caplin Point Laboratories Ltd.
CAPR,Capricor Therapeutics Inc.
CAR,Avis Budget Group Inc.
CARBORUNIV,Carborundum Universal Ltd.
CARE,Carter Bankshares Inc.
CARG,Cargurus Inc.
CARL,Carlsmed Inc.
CARR,Carrier Global Corp.
CARS,Cars.Com Inc.
CART,Maplebear Inc.
CARTRADE,Cartrade Tech Ltd.
CASH,Pathward Financial Inc.
CASS,Cass Information Systems Inc.
CASTROLIND,Castrol India Ltd.
CASY,Casey'S General Stores Inc.
CAT,Caterpillar Inc.
CATO,Cato Corp. Class A
CATX,Perspective Therapeutics Inc.
CATY,Cathay General Bancorp
CAVA,Cava Group Inc.
CB,Chubb Ltd.
CBAN,Colony Bankcorp Inc.
CBFV,Cb Financial Services Inc.
CBIO,Crescent Biopharma Inc.
CBK,Commercial Bancgroup Inc.
CBL,Cbl & Associates Properties Inc.
CBLL,Ceribell Inc.
CBNA,Chain Bridge Bancorp Inc.
CBNK,Capital Bancorp Inc.
CBOE,Cboe Global Markets Inc.
CBRE,Cbre Group Inc. Class A
CBRL,Cracker Barrel Old Country Store Inc.
CBSH,Commerce Bancshares Inc./Mo
CBT,Cabot Corp.
CBU,Community Financial System Inc.
CBUS,Cibus Inc.
CBZ,Cbiz Inc.
CC,Chemours Co.
CCAVENUE,AvenuesAI Ltd.
CCB,Coastal Financial Corp./Wa
CCBG,Capital City Bank Group Inc.
CCC,Ccc Intelligent Solutions Holdings Inc.
CCCC,C4 Therapeutics Inc.
CCEL,Cryo-Cell International Inc.
CCI,Crown Castle Inc.
CCK,Crown Holdings Inc.
CCL,CCL Products (I) Ltd.
CCLD,Carecloud Inc.
CCNE,Cnb Financial Corp./Pa
CCO,Clear Channel Outdoor Holdings Inc.
CCOI,Cogent Communications Holdings Inc.
CCRN,Cross Country Healthcare Inc.
CCS,Century Communities Inc.
CCSI,Consensus Cloud Solutions Inc.
CDE,Coeur Mining Inc.
CDLX,Cardlytics Inc.
CDNA,Caredx Inc.
CDNL,Cardinal Infrastructure Group Inc. Class A
CDNS,Cadence Design Systems Inc.
CDP,Copt Defense Properties
CDRE,Cadre Holdings Inc.
CDSL,Central Depository Services (India) Ltd.
CDW,Cdw Corp./De
CDXS,Codexis Inc.
CDZI,Cadiz Inc.
CE,Celanese Corp. Class A
CEATLTD,Ceat Ltd.
CECO,Ceco Environmental Corp.
CEG,Constellation Energy Corp.
CELC,Celcuity Inc.
CELH,Celsius Holdings Inc.
CELLO,Cello World Ltd.
CELU,Celularity Inc. Class A
CEMPRO,Cemindia Projects Ltd.
CENT,Central Garden & Pet Co.
CENTA,Central Garden & Pet Co. Class A
CENTRALBK,Central Bank of India
CENTURYPLY,Century Plyboards (India) Ltd.
CENX,Century Aluminum Co.
CERA,Cera Sanitaryware Ltd
CERS,Cerus Corp.
CERT,Certara Inc.
CESC,CESC Ltd.
CEVA,Ceva Inc.
CF,Cf Industries Holdings Inc.
CFBK,Cf Bankshares Inc.
CFFI,C&F Financial Corp.
CFFN,Capitol Federal Financial Inc.
CFG,Citizens Financial Group Inc.
CFLT,CONFLUENT INC CLASS A
CFR,Cullen/Frost Bankers Inc.
CG,Carlyle Group Inc.
CGCL,Capri Global Capital Ltd.
CGEM,Cullinan Therapeutics Inc.
CGNX,Cognex Corp.
CGON,Cg Oncology Inc.
CGPOWER,CG Power and Industrial Solutions Ltd.
CGTX,Cognition Therapeutics Inc.
CHALET,Chalet Hotels Ltd.
CHAMBLFERT,Chambal Fertilizers & Chemicals Ltd.
CHCI,Comstock Holding Cos. Inc. Class A
CHCO,City Holding Co.
CHCT,Community Healthcare Trust Inc.
CHD,Church & Dwight Co. Inc.
CHDN,Churchill Downs Inc.
CHE,Chemed Corp.
CHEF,Chefs' Warehouse Inc.
CHENNPETRO,Chennai Petroleum Corporation Ltd.
CHGG,Chegg Inc.
CHH,Choice Hotels International Inc.
CHMG,Chemung Financial Corp.
CHMI,Cherry Hill Mortgage Investment Corp.
CHOICEIN,Choice International Ltd.
CHOLAFIN,Cholamandalam Investment and Finance Company Ltd.
CHOLAHLDNG,Cholamandalam Financial Holdings Ltd.
CHPT,Chargepoint Holdings Inc.
CHRD,Chord Energy Corp.
CHRS,Coherus Oncology Inc.
CHRW,Ch Robinson Worldwide Inc.
CHTR,Charter Communications Inc. Class A
CHWY,Chewy Inc. Class A
CHYM,Chime Financial Inc. Class A
CI,Cigna Group
CIA,Citizens Inc./Tx Class A
CIEINDIA,CIE Automotive India Ltd.
CIEN,Ciena Corp.
CIFR,Cipher Digital Inc.
CIGNITITEC,Cigniti Technologies Ltd.
CIM,Chimera Investment Corp.
CINF,Cincinnati Financial Corp.
CING,Cingulate Inc.
CIPLA,Cipla Ltd.
CISO,Ciso Global Inc.
CITR,Citrotech Inc.
CIVB,Civista Bancshares Inc.
CIX,Compx International Inc.
CKX,Ckx Lands Inc.
CL,Colgate-Palmolive Co.
CLAR,Clarus Corp.
CLB,Core Laboratories Inc.
CLBK,Columbia Financial Inc.
CLDT,Chatham Lodging Trust
CLDX,Celldex Therapeutics Inc.
CLEAN,Clean Science and Technology Ltd.
CLF,Cleveland-Cliffs Inc.
CLFD,Clearfield Inc.
CLH,Clean Harbors Inc.
CLIR,Clearsign Technologies Corp.
CLMB,Climb Global Solutions Inc.
CLMT,Calumet Inc.
CLNE,Clean Energy Fuels Corp.
CLNN,Clene Inc.
CLOV,Clover Health Investments Corp. Class A
CLPR,Clipper Realty Inc.
CLPT,Clearpoint Neuro Inc.
CLRB,Cellectar Biosciences Inc.
CLSK,Cleanspark Inc.
CLST,Catalyst Bancorp Inc.
CLVT,Clarivate Plc
CLW,Clearwater Paper Corp.
CLX,Clorox Co.
CLYM,Climb Bio Inc.
CMC,Commercial Metals Co.
CMCL,Caledonia Mining Plc
CMCO,Columbus Mckinnon Corp./Ny
CMCSA,Comcast Corp. Class A
CMDB,Costamare Bulkers Holdings Ltd
CME,Cme Group Inc.
CMG,Chipotle Mexican Grill Inc. Class A
CMI,Cummins Inc.
CMP,Compass Minerals International Inc.
CMPR,Cimpress Plc
CMPX,Compass Therapeutics Inc.
CMRC,Commerce.Com Inc.
CMRE,Costamare Inc
CMS,Cms Energy Corp.
CMSINFO,CMS Info Systems Ltd.
CMT,Core Molding Technologies Inc.
CMTG,Claros Mortgage Trust Inc.
CMTL,Comtech Telecommunications Corp.
CMTV,Community Bancorp/Vt
CNA,Cna Financial Corp
CNC,Centene Corp.
CNDT,Conduent Inc.
CNH,Cnh Industrial Nv
CNK,Cinemark Holdings Inc.
CNM,Core & Main Inc. Class A
CNMD,Conmed Corp.
CNNE,Cannae Holdings Inc.
CNO,Cno Financial Group Inc.
CNOB,Connectone Bancorp Inc.
CNP,Centerpoint Energy Inc.
CNR,Core Natural Resources Inc.
CNS,Cohen & Steers Inc.
CNTX,Context Therapeutics Inc.
CNTY,Century Casinos Inc.
CNVS,Cineverse Corp. Class A
CNX,Cnx Resources Corp.
CNXC,Concentrix Corp.
CNXN,Pc Connection Inc.
COALINDIA,Coal India Ltd.
COCH,Envoy Medical Inc.
COCHINSHIP,Cochin Shipyard Ltd.
COCO,Vita Coco Co. Inc.
COCP,Cocrystal Pharma Inc.
CODA,Coda Octopus Group Inc.
CODI,Compass Diversified Holdings
COF,Capital One Financial Corp.
COFORGE,Coforge Ltd.
COFS,Choiceone Financial Services Inc.
COGT,Cogent Biosciences Inc.
COHANCE,Cohance Lifesciences Ltd.
COHN,Cohen & Co. Inc.
COHR,Coherent Corp.
COHU,Cohu Inc.
COIN,Coinbase Global Inc. Class A
COKE,Coca-Cola Consolidated Inc.
COLB,Columbia Banking System Inc.
COLD,Americold Realty Trust Inc.
COLL,Collegium Pharmaceutical Inc.
COLM,Columbia Sportswear Co.
COLPAL,Colgate Palmolive (India) Ltd.
COMP,Compass Inc.
CON,Concentra Group Holdings Parent Inc.
CONCOR,Container Corporation of India Ltd.
CONCORDBIO,Concord Biotech Ltd.
COO,Cooper Cos. Inc.
COOK,Traeger Inc.
COP,Conocophillips
COR,Cencora Inc.
COROMANDEL,Coromandel International Ltd.
CORONA,CORONA Remedies Ltd.
CORT,Corcept Therapeutics Inc.
CORZ,Core Scientific Inc.
COSO,Coastalsouth Bancshares Inc.
COST,Costco Wholesale Corp.
COTY,Coty Inc. Class A
COUR,Coursera Inc.
COYA,Coya Therapeutics Inc.
CPAY,Corpay Inc.
CPB,Campbell'S Co.
CPBI,Central Plains Bancshares Inc.
CPF,Central Pacific Financial Corp.
CPIX,Cumberland Pharmaceuticals Inc.
CPK,Chesapeake Utilities Corp.
CPNG,Coupang Inc Class A
CPPLUS,Aditya Infotech Ltd.
CPRI,Capri Holdings Ltd.
CPRT,Copart Inc.
CPRX,Catalyst Pharmaceuticals Inc.
CPS,Cooper-Standard Holdings Inc.
CPSH,Cps Technologies Corp.
CPSS,Consumer Portfolio Services Inc.
CPT,Camden Property Trust
CR,Crane Co.
CRAFTSMAN,Craftsman Automation Ltd.
CRAI,Cra International Inc.
CRAMC,Canara Robeco Asset Management Company Ltd.
CRBG,Corebridge Financial Inc.
CRBP,Corbus Pharmaceuticals Holdings Inc.
CRBU,Caribou Biosciences Inc.
CRC,California Resources Corp.
CRCL,Circle Internet Group Inc. Class A
CRCT,Cricut Inc.
CRDF,Cardiff Oncology Inc.
CRDO,Credo Technology Group Holding Ltd.
CREDITACC,CreditAccess Grameen Ltd.
CREX,Creative Realities Inc.
CRGY,Crescent Energy Co. Class A
CRH,Crh Plc
CRI,Carter'S Inc.
CRIS,Curis Inc.
CRISIL,CRISIL Ltd.
CRIZAC,Crizac Ltd.
CRK,Comstock Resources Inc.
CRL,Charles River Laboratories International Inc.
CRM,Salesforce Inc.
CRMD,Cormedix Inc.
CRML,Critical Metals Corp
CRMT,America'S Car-Mart Inc./Tx
CRNC,Cerence Inc.
CRNX,Crinetics Pharmaceuticals Inc.
CROMPTON,Crompton Greaves Consumer Electricals Ltd.
CROX,Crocs Inc.
CRS,Carpenter Technology Corp.
CRSP,Crispr Therapeutics Ag
CRSR,Corsair Gaming Inc.
CRUS,Cirrus Logic Inc.
CRVL,Corvel Corp.
CRVO,Cervomed Inc.
CRVS,Corvus Pharmaceuticals Inc.
CRWD,Crowdstrike Holdings Inc. Class A
CRWS,Crown Crafts Inc.
CRWV,Coreweave Inc. Class A
CSAI,Cloudastructure Inc.
CSBBANK,CSB Bank Ltd.
CSBR,Champions Oncology Inc.
CSCO,Cisco Systems Inc./Delaware
CSGP,Costar Group Inc.
CSGS,Csg Systems International Inc.
CSL,Carlisle Cos. Inc.
CSPI,Csp Inc.
CSR,Centerspace
CSTL,Castle Biosciences Inc.
CSTM,Constellium Se Class A
CSV,Carriage Services Inc. Class A
CSW,Csw Industrials Inc.
CSX,Csx Corp.
CTAS,Cintas Corp.
CTBI,Community Trust Bancorp Inc.
CTEV,Claritev Corp. Class A
CTGO,Contango Silver & Gold Inc.
CTKB,Cytek Biosciences Inc.
CTLP,Cantaloupe Inc.
CTM,Castellum Inc.
CTMX,Cytomx Therapeutics Inc.
CTNM,Contineum Therapeutics Inc. Class A
CTO,Cto Realty Growth Inc.
CTOR,Citius Oncology Inc.
CTOS,Custom Truck One Source Inc.
CTRA,Coterra Energy Inc.
CTRE,Caretrust Reit Inc.
CTRI,Centuri Holdings Inc.
CTRN,Citi Trends Inc.
CTS,Cts Corp.
CTSH,Cognizant Technology Solutions Corp. Class A
CTSO,Cytosorbents Corp.
CTVA,Corteva Inc.
CUB,City Union Bank Ltd.
CUBE,Cubesmart
CUBI,Customers Bancorp Inc.
CUE,Cue Biopharma Inc.
CULP,Culp Inc.
CUMMINSIND,Cummins India Ltd.
CUPID,Cupid Ltd.
CURB,Curbline Properties Corp.
CURI,Curiositystream Inc.
CURV,Torrid Holdings Inc.
CUZ,Cousins Properties Inc.
CV,Capsovision Inc.
CVBF,Cvb Financial Corp.
CVCO,Cavco Industries Inc.
CVGI,Commercial Vehicle Group Inc.
CVGW,Calavo Growers Inc.
CVI,Cvr Energy Inc.
CVKD,Cadrenal Therapeutics Inc.
CVLG,Covenant Logistics Group Inc. Class A
CVLT,Commvault Systems Inc.
CVM,Cel-Sci Corp.
CVNA,Carvana Co. Class A
CVRX,Cvrx Inc.
CVS,Cvs Health Corp.
CVSA,Covista Inc.
CVU,Cpi Aerostructures Inc.
CVV,Cvd Equipment Corp.
CVX,Chevron Corp.
CW,Curtiss-Wright Corp.
CWAN,Clearwater Analytics Holdings Inc. Class A
CWBC,Community West Bancshares
CWCO,Consolidated Water Co. Ltd.
CWEN,Clearway Energy Inc.
CWENA,Clearway Energy Inc Class A
CWH,Camping World Holdings Inc. Class A
CWK,Cushman & Wakefield Uk Holdco London Ltd.
CWST,Casella Waste Systems Inc. Class A
CWT,California Water Service Group
CXDO,Crexendo Inc.
CXM,Sprinklr Inc. Class A
CXT,Crane Nxt Co.
CXW,Corecivic Inc.
CYH,Community Health Systems Inc.
CYIENT,Cyient Ltd.
CYPH,Cypherpunk Technologies Inc.
CYRX,Cryoport Inc.
CYTK,Cytokinetics Inc.
CZFS,Citizens Financial Services Inc.
CZNC,Citizens & Northern Corp.
CZR,Caesars Entertainment Inc.
CZWI,Citizens Community Bancorp Inc./Wi
D,Dominion Energy Inc.
DABUR,Dabur India Ltd.
DAIO,Data I/O Corp.
DAKT,Daktronics Inc.
DAL,Delta Air Lines Inc.
DALBHARAT,Dalmia Bharat Ltd.
DAN,Dana Inc.
DAR,Darling Ingredients Inc.
DARE,Dare Bioscience Inc.
DASH,Doordash Inc. Class A
DATAMATICS,Datamatics Global Services Ltd.
DATAPATTNS,Data Patterns (India) Ltd.
DAVE,Dave Inc.
DAWN,Day One Biopharmaceuticals Inc
DBD,Diebold Nixdorf Inc.
DBGI,Digital Brands Group Inc.
DBI,Designer Brands Inc. Class A
DBL,Dilip Buildcon Ltd.
DBREALTY,Valor Estate Ltd.
DBRG,Digitalbridge Group Inc.
DBX,Dropbox Inc. Class A
DC,Dakota Gold Corp.
DCBBANK,DCB Bank Ltd.
DCGO,Docgo Inc.
DCH,Dauch Corp.
DCI,Donaldson Co. Inc.
DCMSHRIRAM,DCM Shriram Ltd.
DCO,Ducommun Inc.
DCOM,Dime Community Bancshares Inc.
DCTH,Delcath Systems Inc.
DD,Dupont De Nemours Inc.
DDD,3D Systems Corp.
DDOG,Datadog Inc. Class A
DDS,Dillard'S Inc. Class A
DE,Deere & Co.
DEA,Easterly Government Properties Inc. Class A
DEC,Diversified Energy Company
DECK,Deckers Outdoor Corp.
DEEPAKFERT,Deepak Fertilisers & Petrochemicals Corp. Ltd.
DEEPAKNTR,Deepak Nitrite Ltd.
DEI,Douglas Emmett Inc.
DELHIVERY,Delhivery Ltd.
DELL,Dell Technologies Inc.
DERM,Journey Medical Corp.
DEVYANI,Devyani International Ltd.
DFDV,Defi Development Corp.
DFH,Dream Finders Homes Inc. Class A
DFIN,Donnelley Financial Solutions Inc.
DFNS,T3 Defense Inc.
DFTX,Definium Therapeutics Inc
DG,Dollar General Corp.
DGICA,Donegal Group Inc. Class A
DGII,Digi International Inc.
DGX,Quest Diagnostics Inc.
DH,Definitive Healthcare Corp. Class A
DHC,Diversified Healthcare Trust
DHI,Dr Horton Inc.
DHIL,Diamond Hill Investment Group Inc
DHR,Danaher Corp.
DHT,Dht Holdings Inc
DHX,Dhi Group Inc
DIACABS,Diamond Power Infrastructure Ltd.
DIBS,1Stdibs.Com Inc.
DIN,Dine Brands Global Inc.
DINO,Hf Sinclair Corp
DIOD,Diodes Inc.
DIS,Walt Disney Co.
DIT,Amcon Distributing Co.
DIVISLAB,Divi's Laboratories Ltd.
DIXON,Dixon Technologies (India) Ltd.
DJCO,Daily Journal Corp.
DJT,Trump Media & Technology Group Corp.
DK,Delek Us Holdings Inc.
DKNG,Draftkings Inc.
DKS,Dick'S Sporting Goods Inc.
DLB,Dolby Laboratories Inc. Class A
DLF,DLF Ltd.
DLHC,Dlh Holdings Corp.
DLPN,Dolphin Entertainment Inc.
DLR,Digital Realty Trust Inc.
DLTH,Duluth Holdings Inc.
DLTR,Dollar Tree Inc.
DLX,Deluxe Corp.
DMART,Avenue Supermarts Ltd.
DMRC,Digimarc Corp.
DNA,Ginkgo Bioworks Holdings Inc.
DNLI,Denali Therapeutics Inc.
DNOW,Dnow Inc.
DNTH,Dianthus Therapeutics Inc.
DNUT,Krispy Kreme Inc.
DOC,Healthpeak Properties Inc.
DOCN,Digitalocean Holdings Inc.
DOCS,Doximity Inc. Class A
DOCU,Docusign Inc. Class A
DOLE,Dole Plc
DOMH,Dominari Holdings Inc.
DOMO,Domo Inc.
DOMS,DOMS Industries Ltd.
DORM,Dorman Products Inc.
DOUG,Douglas Elliman Inc.
DOV,Dover Corp.
DOW,Dow Inc.
DOX,Amdocs Ltd
DPZ,Domino'S Pizza Inc.
DRH,Diamondrock Hospitality Co.
DRI,Darden Restaurants Inc.
DRREDDY,Dr. Reddy's Laboratories Ltd.
DRS,Leonardo Drs Inc.
DRUG,Bright Minds Biosciences Inc
DRVN,Driven Brands Holdings Inc.
DSGN,Design Therapeutics Inc.
DSGR,Distribution Solutions Group Inc.
DSP,Viant Technology Inc. Class A
DT,Dynatrace Inc.
DTCX,Datacentrex Inc.
DTE,Dte Energy Co.
DTI,Drilling Tools International Corp.
DTIL,Precision Biosciences Inc.
DTM,Dt Midstream Inc.
DTST,Data Storage Corp.
DUK,Duke Energy Corp.
DUMMYALCAR,Dummy Allcargo Logistics Ltd.
DUMMYVEDL1,Dummy Vedanta Ltd. 1
DUMMYVEDL2,Dummy Vedanta Ltd. 2
DUMMYVEDL3,Dummy Vedanta Ltd. 3
DUMMYVEDL4,Dummy Vedanta Ltd. 4
DUOL,Duolingo Inc.
DUOT,Duos Technologies Group Inc.
DV,Doubleverify Holdings Inc.
DVA,Davita Inc.
DVLT,Datavault Ai Inc.
DVN,Devon Energy Corp.
DWSN,Dawson Geophysical Co.
DX,Dynex Capital Inc.
DXC,Dxc Technology Co.
DXCM,Dexcom Inc.
DXLG,Destination Xl Group Inc.
DXPE,Dxp Enterprises Inc./Tx
DXR,Daxor Corp.
DY,Dycom Industries Inc.
DYAI,Dyadic International Inc.
DYN,Dyne Therapeutics Inc.
DYNAMATECH,Dynamatic Technologies Ltd.
EA,Electronic Arts Inc.
EAF,Graftech International Ltd.
EAT,Brinker International Inc.
EBAY,Ebay Inc.
EBC,Eastern Bankshares Inc.
EBF,Ennis Inc.
EBMT,Eagle Bancorp Montana Inc.
EBS,Emergent Biosolutions Inc.
ECBK,Ecb Bancorp Inc./Md
ECG,Everus Construction Group Inc.
ECL,Ecolab Inc.
ECLERX,eClerx Services Ltd.
ECOR,Electrocore Inc.
ECPG,Encore Capital Group Inc.
ECVT,Ecovyst Inc.
ED,Consolidated Edison Inc.
EDELWEISS,Edelweiss Financial Services Ltd.
EDIT,Editas Medicine Inc.
EE,Excelerate Energy Inc. Class A
EEFT,Euronet Worldwide Inc.
EFC,Ellington Financial Inc.
EFOR,Everforth Inc
EFSC,Enterprise Financial Services Corp.
EFSI,Eagle Financial Services Inc.
EFX,Equifax Inc.
EG,Everest Group Ltd.
EGAN,Egain Corp.
EGBN,Eagle Bancorp Inc.
EGHT,8X8 Inc.
EGP,Eastgroup Properties Inc.
EGY,Vaalco Energy Inc.
EHAB,Enhabit Inc.
EHC,Encompass Health Corp.
EHTH,Ehealth Inc.
EICHERMOT,Eicher Motors Ltd.
EIDPARRY,E.I.D. Parry (India) Ltd.
EIEL,Enviro Infra Engineers Ltd.
EIG,Employers Holdings Inc.
EIHOTEL,EIH Ltd.
EIKN,Eikon Therapeutics Inc.
EIX,Edison International
EL,Estee Lauder Cos. Inc. Class A
ELA,Envela Corp.
ELAN,Elanco Animal Health Inc.
ELDN,Eledon Pharmaceuticals Inc.
ELECON,Elecon Engineering Co. Ltd.
ELECTCAST,Electrosteel Castings Ltd.
ELF,Elf Beauty Inc.
ELGIEQUIP,Elgi Equipments Ltd.
ELLEN,Ellenbarrie Industrial Gases Ltd.
ELMD,Electromed Inc.
ELME,Elme Communities
ELS,Equity Lifestyle Properties Inc.
ELSE,Electro-Sensors Inc.
ELTX,Elicio Therapeutics Inc.
ELUT,Elutia Inc. Class A
ELV,Elevance Health Inc.
ELVN,Enliven Therapeutics Inc.
EMAMILTD,Emami Ltd.
EMBC,Embecta Corp.
EMBDL,Embassy Developments Ltd.
EMCURE,Emcure Pharmaceuticals Ltd.
EME,Emcor Group Inc.
EMIL,Electronics Mart India Ltd.
EML,Eastern Co.
EMMVEE,Emmvee Photovoltaic Power Ltd.
EMN,Eastman Chemical Co.
EMR,Emerson Electric Co.
ENDURANCE,Endurance Technologies Ltd.
ENGINERSIN,Engineers India Ltd.
ENOV,Enovis Corp.
ENPH,Enphase Energy Inc.
ENR,Energizer Holdings Inc.
ENRIN,Siemens Energy India Ltd.
ENS,Enersys
ENSG,Ensign Group Inc.
ENTA,Enanta Pharmaceuticals Inc.
ENTERO,Entero Healthcare Solutions Ltd.
ENTG,Entegris Inc.
ENVA,Enova International Inc.
ENVX,Enovix Corp.
EOG,Eog Resources Inc.
EOLS,Evolus Inc.
EONR,Eon Resources Inc.
EOSE,Eos Energy Enterprises Inc.
EP,Empire Petroleum Corp.
EPAC,Enerpac Tool Group Corp. Class A
EPAM,Epam Systems Inc.
EPC,Edgewell Personal Care Co.
EPL,EPL Ltd.
EPM,Evolution Petroleum Corp.
EPR,Epr Properties
EPRT,Essential Properties Realty Trust Inc.
EPSN,Epsilon Energy Ltd.
EQ,Equillium Inc.
EQBK,Equity Bancshares Inc. Class A
EQH,Equitable Holdings Inc.
EQIX,Equinix Inc.
EQPT,Equipmentshare.Com Inc. Class A
EQR,Equity Residential
EQT,Eqt Corp.
EQUITASBNK,Equitas Small Finance Bank Ltd.
ERAS,Erasca Inc.
ERIE,Erie Indemnity Co. Class A
ERII,Energy Recovery Inc.
ERIS,Eris Lifesciences Ltd.
ES,Eversource Energy
ESAB,Esab Corp.
ESCA,Escalade Inc.
ESCORTS,Escorts Kubota Ltd.
ESE,Esco Technologies Inc.
ESI,Element Solutions Inc.
ESLA,Estrella Immunopharma Inc.
ESNT,Essent Group Ltd.
ESOA,Energy Services Of America Corp.
ESP,Espey Mfg. & Electronics Corp.
ESPR,Esperion Therapeutics Inc.
ESQ,Esquire Financial Holdings Inc.
ESRT,Empire State Realty Trust Inc.
ESS,Essex Property Trust Inc.
ESTC,Elastic Nv
ETD,Ethan Allen Interiors Inc.
ETERNAL,Eternal Ltd.
ETHOSLTD,Ethos Ltd.
ETN,Eaton Corp. Plc
ETON,Eton Pharmaceuticals Inc.
ETR,Entergy Corp.
ETSY,Etsy Inc.
EU,Encore Energy Corp
EUREKAFORB,Eureka Forbes Ltd.
EVC,Entravision Communications Corp. Class A
EVCM,Evercommerce Inc
EVER,Everquote Inc. Class A
EVEX,Eve Holding Inc.
EVGO,Evgo Inc. Class A
EVH,Evolent Health Inc. Class A
EVI,Evi Industries Inc.
EVLV,Evolv Technologies Holdings Inc.
EVMN,Evommune Inc.
EVR,Evercore Inc. Class A
EVRG,Evergy Inc.
EVTC,Evertec Inc.
EW,Edwards Lifesciences Corp.
EWBC,East West Bancorp Inc.
EWCZ,European Wax Center Inc. Class A
EWTX,Edgewise Therapeutics Inc.
EXAS,Exact Sciences Corp
EXC,Exelon Corp.
EXE,Expand Energy Corp.
EXEL,Exelixis Inc.
EXFY,Expensify Inc. Class A
EXIDEIND,Exide Industries Ltd.
EXLS,Exlservice Holdings Inc.
EXOD,Exodus Movement Inc. Class A
EXOZ,Exozymes Inc.
EXP,Eagle Materials Inc.
EXPD,Expeditors International Of Washington Inc.
EXPE,Expedia Group Inc.
EXPI,Exp World Holdings Inc.
EXPO,Exponent Inc.
EXR,Extra Space Storage Inc.
EXTR,Extreme Networks Inc.
EYE,National Vision Holdings Inc.
EYPT,Eyepoint Inc.
EZPW,Ezcorp Inc. Class A
F,Ford Motor Co.
FA,First Advantage Corp.
FACT,Fertilisers and Chemicals Travancore Ltd.
FAF,First American Financial Corp.
FANG,Diamondback Energy Inc.
FARM,Farmer Bros Co.
FAST,Fastenal Co.
FATE,Fate Therapeutics Inc.
FBIN,Fortune Brands Innovations Inc.
FBIO,Fortress Biotech Inc.
FBIZ,First Business Financial Services Inc.
FBK,Fb Financial Corp.
FBLA,Fb Bancorp Inc.
FBLG,Fibrobiologics Inc.
FBNC,First Bancorp/Southern Pines Nc
FBP,First Bancorp/Puerto Rico
FBRT,Franklin Bsp Realty Trust Inc.
FBRX,Forte Biosciences Inc.
FC,Franklin Covey Co.
FCAP,First Capital Inc.
FCBC,First Community Bankshares Inc.
FCCO,First Community Corp./Sc
FCEL,Fuelcell Energy Inc.
FCF,First Commonwealth Financial Corp.
FCFS,Firstcash Holdings Inc.
FCN,Fti Consulting Inc.
FCNCA,First Citizens Bancshares Inc./Nc Class A
FCPT,Four Corners Property Trust Inc.
FCX,Freeport-Mcmoran Inc.
FDBC,Fidelity D&D Bancorp Inc.
FDMT,4D Molecular Therapeutics Inc.
FDP,Fresh Del Monte Produce Inc.
FDS,Factset Research Systems Inc.
FDSB,Fifth District Bancorp Inc.
FDX,Fedex Corp.
FE,Firstenergy Corp.
FEAM,5E Advanced Materials Inc.
FEDERALBNK,Federal Bank Ltd.
FEDFINA,Fedbank Financial Services Ltd.
FEIM,Frequency Electronics Inc.
FELE,Franklin Electric Co. Inc.
FEMY,Femasys Inc.
FENC,Fennec Pharmaceuticals Inc.
FERG,Ferguson Enterprises Inc./De
FET,Forum Energy Technologies Inc.
FF,Futurefuel Corp.
FFAI,Faraday Future Intelligent Electric Inc.
FFBC,First Financial Bancorp
FFIC,Flushing Financial Corp.
FFIN,First Financial Bankshares Inc.
FFIV,F5 Inc.
FFWM,First Foundation Inc
FG,F&G Annuities & Life Inc.
FGBI,First Guaranty Bancshares Inc.
FGNX,Fg Nexus Inc.
FHB,First Hawaiian Inc.
FHI,Federated Hermes Inc. Class B
FHN,First Horizon Corp.
FHTX,Foghorn Therapeutics Inc.
FIBK,First Interstate Bancsystem Inc. Class A
FICO,Fair Isaac Corp.
FIEMIND,Fiem Industries Ltd
FIG,Figma Inc. Class A
FIGR,Figure Technology Solutions Inc. Class A
FIGS,Figs Inc. Class A
FIHL,Fidelis Insurance Holdings Ltd
FINCABLES,Finolex Cables Ltd.
FINPIPE,Finolex Industries Ltd.
FINW,Finwise Bancorp
FIP,Ftai Infrastructure Inc.
FIRSTCRY,Brainbees Solutions Ltd.
FIS,Fidelity National Information Services Inc.
FISI,Financial Institutions Inc.
FISV,Fiserv Inc.
FITB,Fifth Third Bancorp
FIVE,Five Below Inc.
FIVESTAR,Five-Star Business Finance Ltd.
FIVN,Five9 Inc.
FIX,Comfort Systems Usa Inc.
FIZZ,National Beverage Corp.
FJET,Starfighters Space Inc.
FKWL,Franklin Wireless Corp.
FLD,Fold Holdings Inc.
FLEX,Flex Ltd.
FLG,Flagstar Bank Na
FLGT,Fulgent Genetics Inc.
FLL,Full House Resorts Inc.
FLNA,Filana Therapeutics Inc.
FLNC,Fluence Energy Inc.
FLNG,Flex Lng Ltd
FLNT,Fluent Inc.
FLO,Flowers Foods Inc.
FLOC,Flowco Holdings Inc. Class A
FLR,Fluor Corp.
FLS,Flowserve Corp.
FLUOROCHEM,Gujarat Fluorochemicals Ltd.
FLUT,Flutter Entertainment Plc
FLUX,Flux Power Holdings Inc.
FLWS,1-800-Flowers.Com Inc. Class A
FLXS,Flexsteel Industries Inc.
FLY,Firefly Aerospace Inc.
FLYW,Flywire Corp.
FLYX,Flyexclusive Inc.
FMAO,Farmers & Merchants Bancorp Inc./Archbold Oh
FMBH,First Mid Bancshares Inc.
FMC,Fmc Corp.
FMNB,Farmers National Banc Corp.
FN,Fabrinet
FNB,Fnb Corp./Pa
FND,Floor & Decor Holdings Inc. Class A
FNF,Fidelity National Financial Inc.
FNKO,Funko Inc. Class A
FNLC,First Bancorp Inc.
FNWB,First Northwest Bancorp
FNWD,Finward Bancorp
FOA,Finance Of America Cos. Inc. Class A
FOLD,Amicus Therapeutics Inc
FONR,Fonar Corp.
FOR,Forestar Group Inc.
FORA,Forian Inc.
FORCEMOT,Force Motors Ltd.
FORM,Formfactor Inc.
FORR,Forrester Research Inc.
FORTIS,Fortis Healthcare Ltd.
FOSL,Fossil Group Inc.
FOUR,Shift4 Payments Inc. Class A
FOX,Fox Corp. Class B
FOXA,Fox Corp. Class A
FOXF,Fox Factory Holding Corp.
FPI,Farmland Partners Inc.
FPS,Forgent Power Solutions Inc. Class A
FR,First Industrial Realty Trust Inc.
FRAF,Franklin Financial Services Corp.
FRBA,First Bank/Hamilton Nj
FRD,Friedman Industries Inc.
FRHC,Freedom Holding Corp
FRME,First Merchants Corp.
FROG,Jfrog Ltd.
FRPH,Frp Holdings Inc.
FRPT,Freshpet Inc.
FRSH,Freshworks Inc. Class A
FRST,Primis Financial Corp.
FRT,Federal Realty Investment Trust
FSBC,Five Star Bancorp
FSBW,Fs Bancorp Inc.
FSEA,First Seacoast Bancorp Inc.
FSI,Flexible Solutions International Inc.
FSL,Firstsource Solutions Ltd.
FSLR,First Solar Inc.
FSLY,Fastly Inc. Class A
FSP,Franklin Street Properties Corp.
FSS,Federal Signal Corp.
FSTR,Lb Foster Co. Class A
FSUN,Firstsun Capital Bancorp
FTAI,Ftai Aviation Ltd.
FTCI,Ftc Solar Inc.
FTDR,Frontdoor Inc.
FTEK,Fuel Tech Inc.
FTHM,Fathom Holdings Inc.
FTI,Technipfmc Plc
FTK,Flotek Industries Inc.
FTLF,Fitlife Brands Inc.
FTNT,Fortinet Inc.
FTRE,Fortrea Holdings Inc.
FTV,Fortive Corp.
FUBO,Fubotv Inc. Class A
FUL,Hb Fuller Co.
FULC,Fulcrum Therapeutics Inc.
FULT,Fulton Financial Corp.
FUN,Six Flags Entertainment Corp.
FUNC,First United Corp.
FUSB,First Us Bancshares Inc.
FVCB,Fvcbankcorp Inc.
FVR,Frontview Reit Inc.
FWONA,Liberty Media Corp-Liberty Formula One
FWONK,Liberty Media Corp-Liberty Formula One
FWRD,Forward Air Corp.
FWRG,First Watch Restaurant Group Inc.
FXNC,First National Corp./Va
G,Genpact Ltd.
GABC,German American Bancorp Inc.
GABRIEL,Gabriel India Ltd.
GAEL,Gujarat Ambuja Exports Ltd.
GAIA,Gaia Inc.
GAIL,GAIL (India) Ltd.
GALLANTT,Gallantt Ispat Ltd.
GALT,Galectin Therapeutics Inc.
GAME,Gamesquare Holdings Inc.
GAP,Gap Inc.
GATX,Gatx Corp.
GBCI,Glacier Bancorp Inc.
GBFH,Gbank Financial Holdings Inc.
GBTG,Global Business Travel Group I
GBX,Greenbrier Cos. Inc.
GCBC,Greene County Bancorp Inc.
GCMG,Gcm Grosvenor Inc. Class A
GCO,Genesco Inc.
GCT,Gigacloud Technology Inc Class A
GCTS,Gct Semiconductor Holding Inc.
GD,General Dynamics Corp.
GDDY,Godaddy Inc. Class A
GDEN,Golden Entertainment Inc
GDOT,Green Dot Corp. Class A
GDRX,Goodrx Holdings Inc. Class A
GDYN,Grid Dynamics Holdings Inc.
GE,General Electric Co.
GEF,Greif Inc. Class A
GEFB,Greif Inc Class B
GEG,Great Elm Group Inc.
GEHC,Ge Healthcare Technologies Inc.
GEMI,Gemini Space Station Inc. Class A
GEN,Gen Digital Inc.
GENB,Generate Biomedicines Inc.
GENC,Gencor Industries Inc.
GENI,Genius Sports Ltd
GENK,Gen Restaurant Group Inc.
GEO,Geo Group Inc.
GEOS,Geospace Technologies Corp.
GERN,Geron Corp.
GESHIP,Great Eastern Shipping Co. Ltd.
GETY,Getty Images Holdings Inc.
GEV,Ge Vernova Llc
GEVO,Gevo Inc.
GFF,Griffon Corp.
GFS,Globalfoundries Inc
GGG,Graco Inc.
GGRP,Glimpse Group Inc.
GH,Guardant Health Inc.
GHC,Graham Holdings Co. Class B
GHCL,GHCL Ltd.
GHM,Graham Corp.
GIC,Global Industrial Co.
GICRE,General Insurance Corporation of India
GIFT,Giftify Inc.
GIII,G-Iii Apparel Group Ltd.
GILD,Gilead Sciences Inc.
GILLETTE,Gillette India Ltd.
GIS,General Mills Inc.
GKOS,Glaukos Corp.
GL,Globe Life Inc.
GLAND,Gland Pharma Ltd.
GLAXO,Glaxosmithkline Pharmaceuticals Ltd.
GLDD,Great Lakes Dredge And Dock Corp
GLENMARK,Glenmark Pharmaceuticals Ltd.
GLIBA,Gci Liberty Inc. Class A
GLIBK,Gci Liberty Inc.
GLNG,Golar Lng Ltd
GLOB,Globant Sa
GLOO,Gloo Holdings Inc. Class A
GLPI,Gaming And Leisure Properties Inc.
GLRE,Greenlight Capital Ltd Class A
GLSI,Greenwich Lifesciences Inc.
GLUE,Monte Rosa Therapeutics Inc.
GLW,Corning Inc.
GLXY,Galaxy Digital Inc. Class A
GM,General Motors Co.
GMDCLTD,Gujarat Mineral Development Corporation Ltd.
GME,Gamestop Corp. Class A
GMED,Globus Medical Inc.
GMMPFAUDLR,GMM Pfaudler Ltd.
GMRAIRPORT,GMR Airports Ltd.
GMRP&UI,GMR Power and Urban Infra Ltd.
GNE,Genie Energy Ltd. Class B
GNFC,Gujarat Narmada Valley Fertilizers and Chemicals Ltd.
GNK,Genco Shipping And Trading Ltd
GNL,Global Net Lease Inc.
GNLX,Genelux Corp.
GNRC,Generac Holdings Inc.
GNSS,Genasys Inc.
GNTX,Gentex Corp.
GNW,Genworth Financial Inc. Class A
GO,Grocery Outlet Holding Corp.
GOAI,Eva Live Inc.
GOCO,Gohealth Inc. Class A
GODFRYPHLP,Godfrey Phillips India Ltd.
GODIGIT,Go Digit General Insurance Ltd.
GODREJAGRO,Godrej Agrovet Ltd.
GODREJCP,Godrej Consumer Products Ltd.
GODREJIND,Godrej Industries Ltd.
GODREJPROP,Godrej Properties Ltd.
GOGO,Gogo Inc.
GOKEX,Gokaldas Exports Ltd.
GOKULAGRO,Gokul Agro Resources Ltd.
GOLD,Gold.Com Inc.
GOLF,Acushnet Holdings Corp.
GOOD,Gladstone Commercial Corp.
GOOG,Alphabet Inc. Class C
GOOGL,Alphabet Inc. Class A
GORO,Gold Resource Corp.
GOSS,Gossamer Bio Inc.
GPC,Genuine Parts Co.
GPGI,Gpgi Inc. Class A
GPI,Group 1 Automotive Inc.
GPIL,Godawari Power & Ispat Ltd.
GPK,Graphic Packaging Holding Co.
GPMT,Granite Point Mortgage Trust Inc.
GPN,Global Payments Inc.
GPOR,Gulfport Energy Corp.
GPPL,Gujarat Pipavav Port Ltd.
GPRE,Green Plains Inc.
GPRO,Gopro Inc. Class A
GPUS,Hyperscale Data Inc.
GRAL,Grail Inc.
GRANULES,Granules India Ltd.
GRAPHITE,Graphite India Ltd.
GRASIM,Grasim Industries Ltd.
GRAVITA,Gravita India Ltd.
GRBK,Green Brick Partners Inc.
GRC,Gorman-Rupp Co.
GRCE,Grace Therapeutics Inc.
GRDN,Guardian Pharmacy Services Inc. Class A
GREAVESCOT,Greaves Cotton Ltd.
GRMN,Garmin Ltd.
GRND,Grindr Inc.
GRNT,Granite Ridge Resources Inc.
GROV,Grove Collaborative Holdings
GROW,Us Global Investors Inc. Class A
GROWW,Billionbrains Garage Ventures Ltd.
GRPN,Groupon Inc. Class A
GRSE,Garden Reach Shipbuilders & Engineers Ltd.
GRWG,Growgeneration Corp.
GRWRHITECH,Garware Hi-Tech Films Ltd.
GS,Goldman Sachs Group Inc.
GSAT,Globalstar Inc.
GSBC,Great Southern Bancorp Inc.
GSFC,Gujarat State Fertilizers & Chemicals Ltd.
GSHD,Goosehead Insurance Inc. Class A
GSIT,Gsi Technology Inc.
GSPL,Gujarat State Petronet Ltd.
GT,Goodyear Tire & Rubber Co.
GTES,Gates Industrial Corp. Plc
GTIM,Good Times Restaurants Inc.
GTLB,Gitlab Inc. Class A
GTLS,Chart Industries Inc.
GTM,Zoominfo Technologies Inc. Class A
GTN,Gray Media Inc.
GTX,Garrett Motion Inc
GTXI,Gtxi Inc - Cvr
GTY,Getty Realty Corp.
GUJGASLTD,Gujarat Gas Ltd.
GUTS,Fractyl Health Inc.
GVA,Granite Construction Inc.
GVT&D,GE Vernova T&D India Ltd.
GWH,Ess Tech Inc.
GWRE,Guidewire Software Inc.
GWRS,Global Water Resources Inc.
GWW,Ww Grainger Inc.
GXO,Gxo Logistics Inc.
GYRE,Gyre Therapeutics Inc.
H,Hyatt Hotels Corp. Class A
HAE,Haemonetics Corp.
HAFC,Hanmi Financial Corp.
HAIN,Hain Celestial Group Inc.
HAL,Hindustan Aeronautics Ltd.
HALO,Halozyme Therapeutics Inc.
HAPPSTMNDS,Happiest Minds Technologies Ltd.
HAS,Hasbro Inc.
HASI,Ha Sustainable Infrastructure Capital Inc.
HAVELLS,Havells India Ltd.
HAYW,Hayward Holdings Inc.
HBAN,Huntington Bancshares Inc./Oh
HBB,Hamilton Beach Brands Holding Co. Class A
HBCP,Home Bancorp Inc.
HBIO,Harvard Bioscience Inc.
HBLENGINE,HBL Engineering Ltd.
HBNC,Horizon Bancorp Inc./In
HBT,Hbt Financial Inc.
HCA,Hca Healthcare Inc.
HCAT,Health Catalyst Inc.
HCC,Hindustan Construction Co. Ltd.
HCG,Healthcare Global Enterprises Ltd.
HCI,Hci Group Inc.
HCKT,Hackett Group Inc.
HCLTECH,HCL Technologies Ltd.
HCSG,Healthcare Services Group Inc.
HD,Home Depot Inc.
HDBFS,HDB Financial Services Ltd.
HDFCAMC,HDFC Asset Management Company Ltd.
HDFCBANK,HDFC Bank Ltd.
HDFCLIFE,HDFC Life Insurance Company Ltd.
HDSN,Hudson Technologies Inc.
HE,Hawaiian Electric Industries Inc.
HEG,H.E.G. Ltd.
HEI,Heico Corp.
HEIA,Heico Corp Class A
HELE,Helen Of Troy Ltd.
HEMIPROP,Hemisphere Properties India Ltd.
HERITGFOOD,Heritage Foods Ltd.
HEROMOTOCO,Hero MotoCorp Ltd.
HEXT,Hexaware Technologies Ltd.
HFBL,Home Federal Bancorp Inc. Of Louisiana
HFCL,HFCL Ltd.
HFFG,Hf Foods Group Inc.
HFWA,Heritage Financial Corp./Wa
HG,Hamilton Insurance Group Ltd Class
HGBL,Heritage Global Inc.
HGINFRA,H.G. Infra Engineering Ltd.
HGTY,Hagerty Inc. Class A
HGV,Hilton Grand Vacations Inc.
HHH,Howard Hughes Holdings Inc.
HHS,Harte Hanks Inc.
HIFS,Hingham Institution For Savings The
HIG,Hartford Insurance Group Inc.
HII,Huntington Ingalls Industries Inc.
HIMS,Hims & Hers Health Inc.
HINDALCO,Hindalco Industries Ltd.
HINDCOPPER,Hindustan Copper Ltd.
HINDPETRO,Hindustan Petroleum Corporation Ltd.
HINDUNILVR,Hindustan Unilever Ltd.
HINDZINC,Hindustan Zinc Ltd.
HIPO,Hippo Holdings Inc.
HIT,Health In Tech Inc. Class A
HIW,Highwoods Properties Inc.
HL,Hecla Mining Co.
HLF,Herbalife Ltd.
HLI,Houlihan Lokey Inc. Class A
HLIO,Helios Technologies Inc.
HLIT,Harmonic Inc.
HLLY,Holley Inc.
HLMN,Hillman Solutions Corp.
HLNE,Hamilton Lane Inc. Class A
HLT,Hilton Worldwide Holdings Inc.
HLX,Helix Energy Solutions Group Inc.
HMH,Hmh Holding Inc.
HMN,Horace Mann Educators Corp.
HNGE,Hinge Health Inc. Class A
HNI,Hni Corp.
HNNA,Hennessy Advisors Inc.
HNRG,Hallador Energy Co.
HNST,Honest Co. Inc.
HNVR,Hanover Bancorp Inc.
HOFT,Hooker Furnishings Corp.
HOG,Harley-Davidson Inc.
HOLX,Hologic Inc
HOMB,Home Bancshares Inc./Ar
HOMEFIRST,Home First Finance Company India Ltd.
HON,Honeywell International Inc.
HONASA,Honasa Consumer Ltd.
HONAUT,Honeywell Automation India Ltd.
HOOD,Robinhood Markets Inc. Class A
HOPE,Hope Bancorp Inc.
HOV,Hovnanian Enterprises Inc. Class A
HOWL,Werewolf Therapeutics Inc.
HP,Helmerich & Payne Inc.
HPE,Hewlett Packard Enterprise Co.
HPK,Highpeak Energy Inc.
HPP,Hudson Pacific Properties Inc.
HPQ,Hp Inc.
HQI,Hirequest Inc.
HQY,Healthequity Inc.
HR,Healthcare Trust Of America Inc. Class A
HRB,H&R Block Inc.
HRI,Herc Holdings Inc.
HRL,Hormel Foods Corp.
HRMY,Harmony Biosciences Holdings Inc.
HROW,Harrow Inc.
HRTG,Heritage Insurance Holdings Inc.
HRTX,Heron Therapeutics Inc.
HSCL,Himadri Speciality Chemical Ltd.
HSIC,Henry Schein Inc.
HST,Host Hotels & Resorts Inc.
HSTM,Healthstream Inc.
HSY,Hershey Co.
HTB,Hometrust Bancshares Inc.
HTBK,Heritage Commerce Corp
HTFL,Heartflow Inc.
HTH,Hilltop Holdings Inc.
HTLD,Heartland Express Inc.
HTO,H2O America
HTZ,Hertz Global Holdings Inc.
HUBB,Hubbell Inc. Class B
HUBG,Hub Group Inc. Class A
HUBS,Hubspot Inc.
HUDCO,Housing & Urban Development Corporation Ltd.
HUM,Humana Inc.
HUMA,Humacyte Inc.
HUN,Huntsman Corp.
HURA,Tuhura Biosciences Inc.
HURC,Hurco Cos. Inc.
HURN,Huron Consulting Group Inc.
HUT,Hut 8 Corp.
HVT,Haverty Furniture Cos. Inc.
HWBK,Hawthorn Bancshares Inc.
HWC,Hancock Whitney Corp.
HWKN,Hawkins Inc.
HWM,Howmet Aerospace Inc.
HXL,Hexcel Corp.
HY,Hyster-Yale Inc.
HYLN,Hyliion Holdings Corp.
HYMC,Hycroft Mining Holding Corp. Class A
HYNE,Hoyne Bancorp Inc.
HYPR,Hyperfine Inc. Class A
HYUNDAI,Hyundai Motor India Ltd.
HYZN,Hyzon Motors Inc.
HZO,Marinemax Inc.
IAC,Iac Inc.
IART,Integra Lifesciences Holdings Corp.
IAU,I-80 Gold Corp.
IBCP,Independent Bank Corp./Mi
IBIO,Ibio Inc.
IBKR,Interactive Brokers Group Inc.
IBM,International Business Machines Corp.
IBOC,International Bancshares Corp.
IBP,Installed Building Products Inc.
IBRX,Immunitybio Inc.
IBTA,Ibotta Inc. Class A
ICCC,Immucell Corp.
ICE,Intercontinental Exchange Inc.
ICFI,Icf International Inc.
ICHR,Ichor Holdings Ltd.
ICICIAMC,ICICI Prudential Asset Management Company Ltd.
ICICIBANK,ICICI Bank Ltd.
ICICIGI,ICICI Lombard General Insurance Company Ltd.
ICICIPRULI,ICICI Prudential Life Insurance Company Ltd.
ICIL,Indo Count Industries Ltd.
ICUI,Icu Medical Inc.
IDA,Idacorp Inc.
IDBI,IDBI Bank Ltd.
IDCC,Interdigital Inc.
IDEA,Vodafone Idea Ltd.
IDFCFIRSTB,IDFC First Bank Ltd.
IDN,Intellicheck Inc.
IDR,Idaho Strategic Resources Inc.
IDT,Idt Corp. Class B
IDXX,Idexx Laboratories Inc.
IDYA,Ideaya Biosciences Inc.
IE,Ivanhoe Electric Inc. / Us
IESC,Ies Holdings Inc.
IEX,Indian Energy Exchange Ltd.
IFBIND,IFB Industries Ltd.
IFCI,IFCI Ltd.
IFF,International Flavors & Fragrances Inc.
IGIL,International Gemological Institute Ltd.
IGL,Indraprastha Gas Ltd.
IHRT,Iheartmedia Inc. Class A
IIFL,IIFL Finance Ltd.
IIFLCAPS,IIFL Capital Services Ltd.
III,Information Services Group Inc.
IIIN,Insteel Industries Inc.
IIIV,I3 Verticals Inc. Class A
IIPR,Innovative Industrial Properties Inc.
IKS,Inventurus Knowledge Solutions Ltd.
IKT,Inhibikase Therapeutics Inc.
ILMN,Illumina Inc.
ILPT,Industrial Logistics Properties Trust
IMA,Imagenebio Inc.
IMAX,Imax Corp
IMDX,Insight Molecular Diagnostics Inc.
IMFA,Indian Metals & Ferro Alloys Ltd.
IMKTA,Ingles Markets Inc. Class A
IMMR,Immersion Corp.
IMMX,Immix Biopharma Inc.
IMNM,Immunome Inc.
IMRX,Immuneering Corp. Class A
IMSR,Terrestrial Energy Inc.
IMUX,Immunic Inc.
IMVT,Immunovant Inc.
IMXI,International Money Express Inc.
INAB,In8Bio Inc.
INBK,First Internet Bancorp
INBX,Inhibrx Biosciences Inc.
INCY,Incyte Corp.
INDB,Independent Bank Corp.
INDGN,Indegene Ltd.
INDHOTEL,Indian Hotels Co. Ltd.
INDI,Indie Semiconductor Inc. Class A
INDIACEM,India Cements Ltd.
INDIAGLYCO,India Glycols Ltd.
INDIAMART,Indiamart Intermesh Ltd.
INDIANB,Indian Bank
INDIASHLTR,India Shelter Finance Corporation Ltd.
INDIGO,InterGlobe Aviation Ltd.
INDIGOPNTS,Indigo Paints Ltd.
INDUSINDBK,IndusInd Bank Ltd.
INDUSTOWER,Indus Towers Ltd.
INDV,Indivior Pharmaceuticals Inc.
INFU,Infusystem Holdings Inc.
INFY,Infosys Ltd.
INGM,Ingram Micro Holding Corp.
INGN,Inogen Inc.
INGR,Ingredion Inc.
INH,Inhibrx Inc Cvr
INKT,Mink Therapeutics Inc.
INLX,Intellinetics Inc.
INMB,Inmune Bio Inc.
INN,Summit Hotel Properties Inc.
INNV,Innovage Holding Corp.
INO,Inovio Pharmaceuticals Inc.
INOD,Innodata Inc.
INOXGREEN,Inox Green Energy Services Ltd.
INOXINDIA,INOX India Ltd.
INOXWIND,Inox Wind Ltd.
INR,Infinity Natural Resources Inc. Class A
INSE,Inspired Entertainment Inc
INSG,Inseego Corp.
INSM,Insmed Inc.
INSP,Inspire Medical Systems Inc.
INSW,International Seaways Inc.
INTA,Intapp Inc.
INTC,Intel Corp.
INTELLECT,Intellect Design Arena Ltd.
INTG,Intergroup Corp.
INTT,Intest Corp.
INTU,Intuit Inc.
INUV,Inuvo Inc.
INV,Innventure Inc.
INVA,Innoviva Inc.
INVE,Identiv Inc.
INVH,Invitation Homes Inc.
INVX,Innovex International Inc.
IOB,Indian Overseas Bank
IOC,Indian Oil Corporation Ltd.
IONEXCHANG,Ion Exchange (India) Ltd.
IONQ,Ionq Inc.
IONS,Ionis Pharmaceuticals Inc.
IOSP,Innospec Inc.
IOT,Samsara Inc. Class A
IOVA,Iovance Biotherapeutics Inc.
IP,International Paper Co.
IPAR,Interparfums Inc.
IPCALAB,Ipca Laboratories Ltd.
IPGP,Ipg Photonics Corp.
IPI,Intrepid Potash Inc.
IPM,Intelligent Protection Management Corp.
IPSC,Century Therapeutics Inc.
IPWR,Ideal Power Inc.
IQV,Iqvia Holdings Inc.
IR,Ingersoll Rand Inc.
IRB,IRB Infrastructure Developers Ltd.
IRCON,IRCON International Ltd.
IRCTC,Indian Railway Catering And Tourism Corporation Ltd.
IRD,Opus Genetics Inc.
IRDM,Iridium Communications Inc.
IREDA,Indian Renewable Energy Development Agency Ltd.
IRFC,Indian Railway Finance Corporation Ltd.
IRIX,Iridex Corp.
IRM,Iron Mountain Inc.
IRMD,Iradimed Corp.
IRON,Disc Medicine Inc.
IRT,Independence Realty Trust Inc.
IRTC,Irhythm Holdings Inc.
IRWD,Ironwood Pharmaceuticals Inc. Class A
ISBA,Isabella Bank Corp.
ISRG,Intuitive Surgical Inc.
ISSC,Innovative Solutions And Support Inc.
ISTR,Investar Holding Corp.
IT,Gartner Inc.
ITC,ITC Ltd.
ITCHOTELS,ITC Hotels Ltd.
ITGR,Integer Holdings Corp.
ITI,ITI Ltd.
ITIC,Investors Title Co.
ITRI,Itron Inc.
ITT,Itt Inc.
ITW,Illinois Tool Works Inc.
IVR,Invesco Mortgage Capital Inc.
IVT,Inventrust Properties Corp.
IVVD,Invivyd Inc.
IVZ,Invesco Ltd.
IXIGO,Le Travenues Technology Ltd.
IZEA,Izea Worldwide Inc.
J,Jacobs Solutions Inc.
J&KBANK,Jammu & Kashmir Bank Ltd.
JACK,Jack In The Box Inc.
JAIBALAJI,Jai Balaji Industries Ltd.
JAINREC,Jain Resource Recycling Ltd.
JAKK,Jakks Pacific Inc.
JAMNAAUTO,Jamna Auto Industries Ltd.
JAN,Janus Living Inc.
JANX,Janux Therapeutics Inc.
JAYNECOIND,Jayaswal Neco Industries Ltd.
JAZZ,Jazz Pharmaceuticals Plc
JBCHEPHARM,J.B. Chemicals & Pharmaceuticals Ltd.
JBGS,Jbg Smith Properties
JBHT,Jb Hunt Transport Services Inc.
JBI,Janus International Group Inc.
JBIO,Jade Biosciences Inc.
JBL,Jabil Inc.
JBLU,Jetblue Airways Corp.
JBMA,JBM Auto Ltd.
JBSS,John B Sanfilippo & Son Inc.
JBTM,Jbt Marel Corp.
JCAP,Jefferson Capital Inc.
JCI,Johnson Controls International Plc
JEF,Jefferies Financial Group Inc.
JELD,Jeld-Wen Holding Inc.
JFB,Jfb Construction Holdings
JHG,Janus Henderson Group Plc
JHX,James Hardie Industries Plc
JILL,J Jill Inc.
JINDALSAW,Jindal Saw Ltd.
JINDALSTEL,Jindal Steel Ltd.
JIOFIN,Jio Financial Services Ltd.
JJSF,J&J Snack Foods Corp.
JKCEMENT,J.K. Cement Ltd.
JKHY,Jack Henry & Associates Inc.
JKLAKSHMI,JK Lakshmi Cement Ltd.
JKPAPER,JK Paper Ltd.
JKTYRE,JK Tyre & Industries Ltd.
JLHL,Jupiter Life Line Hospitals Ltd.
JLL,Jones Lang Lasalle Inc.
JMFINANCIL,JM Financial Ltd.
JMSB,John Marshall Bancorp Inc.
JNJ,Johnson & Johnson
JOB,Gee Group Inc.
JOBY,Joby Aviation Inc.
JOE,St. Joe Co.
JOUT,Johnson Outdoors Inc. Class A
JPM,Jpmorgan Chase & Co.
JPPOWER,Jaiprakash Power Ventures Ltd.
JRSH,Jerash Holdings Us Inc.
JRVR,James River Group Holdings Inc.
JSFB,Jana Small Finance Bank Ltd.
JSL,Jindal Stainless Ltd.
JSLL,Jeena Sikho Lifecare Ltd.
JSPR,Jasper Therapeutics Inc.
JSWCEMENT,JSW Cement Ltd.
JSWDULUX,JSW Dulux Ltd.
JSWENERGY,JSW Energy Ltd.
JSWINFRA,JSW Infrastructure Ltd.
JSWSTEEL,JSW Steel Ltd.
JUBLFOOD,Jubilant Foodworks Ltd.
JUBLINGREA,Jubilant Ingrevia Ltd.
JUBLPHARMA,Jubilant Pharmova Ltd.
JUNS,Jupiter Neurosciences Inc.
JUSTDIAL,Justdial Ltd.
JVA,Coffee Holding Co. Inc.
JWL,Jupiter Wagons Ltd.
JXN,Jackson Financial Inc. Class A
JYNT,Joint Corp.
JYOTHYLAB,Jyothy Labs Ltd.
JYOTICNC,Jyoti CNC Automation Ltd.
KAI,Kadant Inc.
KAJARIACER,Kajaria Ceramics Ltd.
KALU,Kaiser Aluminum Corp.
KALV,Kalvista Pharmaceuticals Inc.
KALYANKJIL,Kalyan Jewellers India Ltd.
KANSAINER,Kansai Nerolac Paints Ltd.
KARURVYSYA,Karur Vysya Bank Ltd.
KAYNES,Kaynes Technology India Ltd.
KBH,Kb Home
KBR,Kbr Inc.
KD,Kyndryl Holdings Inc.
KDP,Keurig Dr Pepper Inc.
KE,Kimball Electronics Inc.
KEC,Kec International Ltd.
KEI,KEI Industries Ltd.
KELYA,Kelly Services Inc. Class A
KEQU,Kewaunee Scientific Corp.
KEX,Kirby Corp.
KEY,Keycorp
KEYS,Keysight Technologies Inc.
KFFB,Kentucky First Federal Bancorp
KFINTECH,Kfin Technologies Ltd.
KFRC,Kforce Inc.
KFS,Kingsway Financial Services Inc.
KFY,Korn Ferry
KG,Kestrel Group Ltd.
KGS,Kodiak Gas Services Inc.
KHC,Kraft Heinz Co.
KIDS,Orthopediatrics Corp.
KIM,Kimco Realty Corp.
KIMS,Krishna Institute of Medical Sciences Ltd.
KINS,Kingstone Cos. Inc.
KIRLOSBROS,Kirloskar Brothers Ltd.
KIRLOSENG,Kirloskar Oil Eng Ltd.
KIRLPNU,Kirloskar Pneumatic Company Ltd.
KITEX,Kitex Garments Ltd.
KKR,Kkr & Co. Inc.
KLAC,Kla Corp.
KLC,Kindercare Learning Cos. Inc.
KLIC,Kulicke And Soffa Industries Inc
KLRS,Kalaris Therapeutics Inc.
KLTR,Kaltura Inc.
KLXE,Klx Energy Services Holdings Inc.
KMB,Kimberly-Clark Corp.
KMI,Kinder Morgan Inc.
KMPR,Kemper Corp.
KMT,Kennametal Inc.
KMTS,Kestra Medical Technologies Ltd.
KMX,Carmax Inc.
KN,Knowles Corp.
KNF,Knife River Corp.
KNRCON,KNR Constructions Ltd.
KNSA,Kiniksa Pharmaceuticals International Plc Class A
KNSL,Kinsale Capital Group Inc.
KNTK,Kinetik Holdings Inc. Class A
KNX,Knight-Swift Transportation Holdings Inc.
KO,Coca-Cola Co.
KOD,Kodiak Sciences Inc.
KODK,Eastman Kodak Co.
KOP,Koppers Holdings Inc.
KOPN,Kopin Corp.
KORE,Kore Group Holdings Inc.
KOS,Kosmos Energy Ltd
KOSS,Koss Corp.
KOTAKBANK,Kotak Mahindra Bank Ltd.
KPIGREEN,KPI Green Energy Ltd.
KPIL,Kalpataru Projects International Ltd.
KPITTECH,KPIT Technologies Ltd.
KPLT,Katapult Holdings Inc.
KPRMILL,K.P.R. Mill Ltd.
KPTI,Karyopharm Therapeutics Inc.
KR,Kroger Co.
KRBL,KRBL Ltd.
KRC,Kilroy Realty Corp.
KREF,Kkr Real Estate Finance Trust Inc.
KRG,Kite Realty Group Trust
KRMD,Koru Medical Systems Inc.
KRMN,Karman Holdings Inc.
KRN,KRN Heat Exchanger and Refrigeration Ltd.
KRNY,Kearny Financial Corp./Md
KRO,Kronos Worldwide Inc.
KROS,Keros Therapeutics Inc.
KRRO,Korro Bio Inc.
KRT,Karat Packaging Inc.
KRUS,Kura Sushi Usa Inc. Class A
KRYS,Krystal Biotech Inc.
KSB,KSB Ltd.
KSCL,Kaveri Seed Company Ltd.
KSCP,Knightscope Inc. Class A
KSS,Kohl'S Corp.
KTB,Kontoor Brands Inc.
KTCC,Key Tronic Corp.
KTKBANK,Karnataka Bank Ltd.
KTOS,Kratos Defense & Security Solutions Inc.
KULR,Kulr Technology Group Inc.
KURA,Kura Oncology Inc.
KVHI,Kvh Industries Inc.
KVUE,Kenvue Inc.
KVYO,Klaviyo Inc. Class A
KW,Kennedy-Wilson Holdings Inc.
KWR,Quaker Chemical Corp.
KYMR,Kymera Therapeutics Inc.
KYNB,Kyntra Bio Inc.
KYTX,Kyverna Therapeutics Inc.
KZR,Kezar Life Sciences Inc.
L,Loews Corp.
LAB,Standard Biotools Inc.
LAD,Lithia Motors Inc.
LADR,Ladder Capital Corp. Class A
LAKE,Lakeland Industries Inc.
LALPATHLAB,Dr. Lal Path Labs Ltd.
LAMR,Lamar Advertising Co. Class A
LAND,Gladstone Land Corp.
LARK,Landmark Bancorp Inc./Manhattan Ks
LASE,Laser Photonics Corp.
LASR,Nlight Inc.
LATENTVIEW,Latent View Analytics Ltd.
LAUR,Laureate Education Inc. Class A
LAURUSLABS,Laurus Labs Ltd.
LAW,Cs Disco Inc.
LAZ,Lazard Ltd. Class A
LBRDA,Liberty Broadband Corp. Class A
LBRDK,Liberty Broadband Corp.
LBRT,Liberty Energy Inc. Class A
LBRX,Lb Pharmaceuticals Inc.
LBTYA,Liberty Global Ltd Class A
LBTYK,Liberty Global Ltd Class C
LC,Lendingclub Corp.
LCID,Lucid Group Inc.
LCII,Lci Industries
LCNB,Lcnb Corp.
LCTX,Lineage Cell Therapeutics Inc.
LCUT,Lifetime Brands Inc.
LDI,Loandepot Inc. Class A
LDOS,Leidos Holdings Inc.
LE,Lands' End Inc.
LEA,Lear Corp.
LECO,Lincoln Electric Holdings Inc.
LEE,Lee Enterprises Inc.
LEG,Leggett & Platt Inc.
LEGH,Legacy Housing Corp.
LEMONTREE,Lemon Tree Hotels Ltd.
LEN,Lennar Corp. Class A
LENB,Lennar Corp Class B
LENSKART,Lenskart Solutions Ltd.
LENZ,Lenz Therapeutics Inc.
LESL,Leslie'S Inc.
LEU,Centrus Energy Corp. Class A
LEVI,Levi Strauss & Co. Class A
LFCR,Lifecore Biomedical Inc.
LFMD,Lifemd Inc.
LFST,Lifestance Health Group Inc.
LFT,Lument Finance Trust Inc.
LFUS,Littelfuse Inc.
LFVN,Lifevantage Corp.
LGCY,Legacy Education Inc.
LGEINDIA,LG Electronics India Ltd.
LGIH,Lgi Homes Inc.
LGL,Lgl Group Inc.
LGN,Legence Corp. Class A
LGND,Ligand Pharmaceuticals Inc.
LGVN,Longeveron Inc. Class A
LH,Labcorp Holdings Inc.
LHX,L3Harris Technologies Inc.
LICHSGFIN,LIC Housing Finance Ltd.
LICI,Life Insurance Corporation of India
LIDR,Aeye Inc.
LIF,Life360 Inc.
LIFE,Ethos Technologies Inc.
LII,Lennox International Inc.
LILA,Liberty Latin America Ltd Class A
LILAK,Liberty Latin America Ltd Class C
LIN,Linde Plc
LINC,Lincoln Educational Services Corp.
LIND,Lindblad Expeditions Holdings Inc.
LINDEINDIA,Linde India Ltd.
LINE,Lineage Inc.
LION,Lionsgate Studios Corp.
LITE,Lumentum Holdings Inc.
LITS,Lite Strategy Inc.
LIVE,Live Ventures Inc.
LIVN,Livanova Plc
LKFN,Lakeland Financial Corp.
LKQ,Lkq Corp.
LLOYDSENGG,Lloyds Engineering Works Ltd.
LLOYDSENT,Lloyds Enterprises Ltd.
LLOYDSME,Lloyds Metals And Energy Ltd.
LLY,Eli Lilly & Co.
LLYVA,Liberty Live Holdings Inc. Class A
LLYVK,Liberty Live Holdings Inc.
LMAT,Lemaitre Vascular Inc.
LMB,Limbach Holdings Inc.
LMND,Lemonade Inc.
LMNR,Limoneira Co.
LMRI,Lumexa Imaging Holdings Inc.
LMT,Lockheed Martin Corp.
LNC,Lincoln National Corp.
LNG,Cheniere Energy Inc.
LNKB,Linkbancorp Inc.
LNN,Lindsay Corp.
LNSR,Lensar Inc.
LNT,Alliant Energy Corp.
LNTH,Lantheus Holdings Inc.
LNZA,Lanzatech Global Inc.
LOAN,Manhattan Bridge Capital Inc.
LOAR,Loar Holdings Inc.
LOB,Live Oak Bancshares Inc.
LOCL,Local Bounti Corp.
LOCO,El Pollo Loco Holdings Inc.
LODE,Comstock Inc.
LODHA,Lodha Developers Ltd.
LONA,Leonabio Inc.
LOPE,Grand Canyon Education Inc.
LOTUSDEV,Sri Lotus Developers and Realty Ltd.
LOVE,Lovesac Co.
LOW,Lowe'S Cos. Inc.
LPCN,Lipocine Inc.
LPG,Dorian Lpg Ltd
LPLA,Lpl Financial Holdings Inc.
LPRO,Open Lending Corp.
LPSN,Liveperson Inc.
LPTH,Lightpath Technologies Inc. Class A
LPX,Louisiana-Pacific Corp.
LQDA,Liquidia Corp.
LQDT,Liquidity Services Inc.
LRCX,Lam Research Corp.
LRMR,Larimar Therapeutics Inc.
LRN,Stride Inc.
LSCC,Lattice Semiconductor Corp.
LSF,Laird Superfood Inc.
LSTA,Lisata Therapeutics Inc.
LSTR,Landstar System Inc.
LT,Larsen & Toubro Ltd.
LTBR,Lightbridge Corp.
LTC,Ltc Properties Inc.
LTF,L&T Finance Ltd.
LTFOODS,LT Foods Ltd.
LTH,Life Time Group Holdings Inc.
LTM,LTM Ltd.
LTRN,Lantern Pharma Inc.
LTRX,Lantronix Inc.
LTTS,L&T Technology Services Ltd.
LUCD,Lucid Diagnostics Inc.
LUCK,Lucky Strike Entertainment Corp.
LULU,Lululemon Athletica Inc.
LUMAXTECH,Lumax Auto Technologies Ltd.
LUMN,Lumen Technologies Inc.
LUNG,Pulmonx Corp.
LUNR,Intuitive Machines Inc. Class A
LUPIN,Lupin Ltd.
LUV,Southwest Airlines Co.
LVLU,Lulu'S Fashion Lounge Holdings Inc.
LVO,Liveone Inc.
LVS,Las Vegas Sands Corp.
LW,Lamb Weston Holdings Inc.
LWAY,Lifeway Foods Inc.
LWLG,Lightwave Logic Inc.
LXCHEM,Laxmi Organic Industries Ltd.
LXEO,Lexeo Therapeutics Inc.
LXFR,Luxfer Holdings Plc
LXP,Lxp Industrial Trust
LXRX,Lexicon Pharmaceuticals Inc.
LXU,Lsb Industries Inc.
LYB,Lyondellbasell Industries Nv Class A
LYEL,Lyell Immunopharma Inc.
LYFT,Lyft Inc. Class A
LYTS,Lsi Industries Inc.
LYV,Live Nation Entertainment Inc.
LZ,Legalzoom.Com Inc.
LZB,La-Z-Boy Inc.
M,Macy'S Inc.
M&M,Mahindra & Mahindra Ltd.
M&MFIN,Mahindra & Mahindra Financial Services Ltd.
MA,Mastercard Inc. Class A
MAA,Mid-America Apartment Communities Inc.
MAC,Macerich Co.
MAGN,Magnera Corp.
MAHABANK,Bank of Maharashtra
MAHSCOOTER,Maharashtra Scooters Ltd.
MAHSEAMLES,Maharashtra Seamless Ltd.
MAIA,Maia Biotechnology Inc.
MAMA,Mama'S Creations Inc.
MAN,Manpowergroup Inc.
MANAPPURAM,Manappuram Finance Ltd.
MANE,Veradermics Inc.
MANH,Manhattan Associates Inc.
MANKIND,Mankind Pharma Ltd.
MANORAMA,Manorama Industries Ltd.
MANYAVAR,Vedant Fashions Ltd.
MAPMYINDIA,C.E. Info Systems Ltd.
MAR,Marriott International Inc./Md Class A
MARA,Mara Holdings Inc.
MARICO,Marico Ltd.
MARKSANS,Marksans Pharma Ltd.
MARUTI,Maruti Suzuki India Ltd.
MAS,Masco Corp.
MASI,Masimo Corp.
MASS,908 Devices Inc.
MASTEK,Mastek Ltd.
MAT,Mattel Inc.
MATV,Mativ Holdings Inc.
MATW,Matthews International Corp. Class A
MATX,Matson Inc.
MAX,Mediaalpha Inc. Class A
MAXHEALTH,Max Healthcare Institute Ltd.
MAZDOCK,Mazagoan Dock Shipbuilders Ltd.
MAZE,Maze Therapeutics Inc.
MBBC,Marathon Bancorp Inc.
MBC,Masterbrand Inc.
MBI,Mbia Inc.
MBIN,Merchants Bancorp/In
MBOT,Microbot Medical Inc.
MBUU,Malibu Boats Inc. Class A
MBWM,Mercantile Bank Corp.
MBX,Mbx Biosciences Inc.
MC,Moelis & Co. Class A
MCB,Metropolitan Bank Holding Corp.
MCBS,Metrocity Bankshares Inc.
MCD,Mcdonald'S Corp.
MCFT,Mastercraft Boat Holdings Inc.
MCHB,Mechanics Bancorp
MCHP,Microchip Technology Inc.
MCHX,Marchex Inc. Class B
MCK,Mckesson Corp.
MCO,Moody'S Corp.
MCRB,Seres Therapeutics Inc.
MCRI,Monarch Casino & Resort Inc.
MCS,Marcus Corp.
MCW,Mister Car Wash Inc.
MCX,Multi Commodity Exchange of India Ltd.
MCY,Mercury General Corp.
MD,Pediatrix Medical Group Inc.
MDAI,Spectral Ai Inc.
MDB,Mongodb Inc. Class A
MDGL,Madrigal Pharmaceuticals Inc.
MDLN,Medline Inc. Class A
MDLZ,Mondelez International Inc. Class A
MDT,Medtronic Plc
MDU,Mdu Resources Group Inc.
MDV,Modiv Industrial Inc.
MDXG,Mimedx Group Inc.
MEC,Mayville Engineering Co. Inc.
MED,Medifast Inc.
MEDANTA,Global Health Ltd.
MEDP,Medpace Holdings Inc.
MEDPLUS,Medplus Health Services Ltd.
MEESHO,Meesho Ltd.
MEG,Montrose Environmental Group Inc.
MEI,Methode Electronics Inc.
MET,Metlife Inc.
META,Facebook Inc. Class A
METC,Ramaco Resources Inc. Class A
METCB,Ramaco Resources Inc. Class B
METROPOLIS,Metropolis Healthcare Ltd.
MFA,Mfa Financial Inc.
MFIN,Medallion Financial Corp.
MFSL,Max Financial Services Ltd.
MG,Mistras Group Inc.
MGEE,Mge Energy Inc.
MGL,Mahanagar Gas Ltd.
MGLD,Marygold Cos. Inc.
MGM,Mgm Resorts International
MGNI,Magnite Inc.
MGNX,Macrogenics Inc.
MGPI,Mgp Ingredients Inc.
MGRC,Mcgrath Rentcorp
MGTX,Meiragtx Holdings Plc
MGX,Metagenomi Therapeutics Inc.
MGY,Magnolia Oil & Gas Corp. Class A
MH,Mcgraw Hill Inc.
MHH,Mastech Digital Inc.
MHK,Mohawk Industries Inc.
MHO,M/I Homes Inc.
MIAX,Miami International Holdings Inc.
MIDD,Middleby Corp.
MIDHANI,Mishra Dhatu Nigam Ltd.
MIND,Mind Technology Inc.
MINDACORP,Minda Corporation Ltd.
MIR,Mirion Technologies Inc. Class A
MIRA,Mira Pharmaceuticals Inc.
MIRM,Mirum Pharmaceuticals Inc.
MITK,Mitek Systems Inc.
MITT,Tpg Mortgage Investment Trust Inc.
MKC,Mccormick & Co. Inc./Md
MKL,Markel Group Inc.
MKSI,Mks Inc.
MKTW,Marketwise Inc.
MKTX,Marketaxess Holdings Inc.
MLAB,Mesa Laboratories Inc.
MLCI,Mount Logan Capital Inc.
MLI,Mueller Industries Inc.
MLKN,Millerknoll Inc.
MLM,Martin Marietta Materials Inc.
MLP,Maui Land & Pineapple Co. Inc.
MLR,Miller Industries Inc./Tn
MLSS,Milestone Scientific Inc.
MLYS,Mineralys Therapeutics Inc.
MMI,Marcus & Millichap Inc.
MMM,3M Co.
MMS,Maximus Inc.
MMSI,Merit Medical Systems Inc.
MMTC,MMTC Ltd.
MNKD,Mannkind Corp.
MNPR,Monopar Therapeutics Inc.
MNRO,Monro Inc.
MNSB,Mainstreet Bancshares Inc.
MNST,Monster Beverage Corp.
MNTK,Montauk Renewables Inc.
MNTN,Mntn Inc. Class A
MO,Altria Group Inc.
MOBX,Mobix Labs Inc.
MOD,Modine Manufacturing Co.
MODD,Modular Medical Inc.
MOGA,Moog Inc Class A
MOH,Molina Healthcare Inc.
MOIL,MOIL Ltd.
MORN,Morningstar Inc.
MOS,Mosaic Co.
MOTHERSON,Samvardhana Motherson International Ltd.
MOTILALOFS,Motilal Oswal Financial Services Ltd.
MOV,Movado Group Inc.
MP,Mp Materials Corp.
MPAA,Motorcar Parts Of America Inc.
MPB,Mid Penn Bancorp Inc.
MPC,Marathon Petroleum Corp.
MPHASIS,MphasiS Ltd.
MPLT,Maplight Therapeutics Inc.
MPT,Medical Properties Trust Inc.
MPTI,M-Tron Industries Inc.
MPWR,Monolithic Power Systems Inc.
MPX,Marine Products Corp.
MQ,Marqeta Inc. Class A
MRAM,Everspin Technologies Inc.
MRBK,Meridian Corp.
MRCY,Mercury Systems Inc.
MRF,MRF Ltd.
MRK,Merck & Co. Inc.
MRKR,Marker Therapeutics Inc.
MRNA,Moderna Inc.
MRP,Millrose Properties Inc.
MRPL,Mangalore Refinery & Petrochemicals Ltd.
MRSH,Marsh & Mclennan Cos. Inc.
MRTN,Marten Transport Ltd.
MRVI,Maravai Lifesciences Holdings Inc. Class A
MRVL,Marvell Technology Inc.
MRX,Marex Group Plc
MS,Morgan Stanley
MSA,Msa Safety Inc.
MSAI,Multisensor Ai Holdings Inc.
MSBI,Midland States Bancorp Inc.
MSCI,Msci Inc. Class A
MSEX,Middlesex Water Co.
MSFT,Microsoft Corp.
MSGE,Madison Square Garden Entertainment Corp. Class A
MSGS,Madison Square Garden Sports Corp. Class A
MSI,Motorola Solutions Inc.
MSM,Msc Industrial Direct Co. Inc. Class A
MSTCLTD,MSTC Ltd.
MSTR,Microstrategy Inc. Class A
MSUMI,Motherson Sumi Wiring India Ltd.
MTARTECH,MTAR Technologies Ltd.
MTB,M&T Bank Corp.
MTCH,Match Group Inc.
MTD,Mettler-Toledo International Inc.
MTDR,Matador Resources Co.
MTEX,Mannatech Inc.
MTG,Mgic Investment Corp.
MTH,Meritage Homes Corp.
MTN,Vail Resorts Inc.
MTRN,Materion Corp.
MTRX,Matrix Service Co.
MTSI,Macom Technology Solutions Holdings Inc.
MTUS,Metallus Inc.
MTW,Manitowoc Co. Inc.
MTX,Minerals Technologies Inc.
MTZ,Mastec Inc.
MU,Micron Technology Inc.
MUR,Murphy Oil Corp.
MUSA,Murphy Usa Inc.
MUTHOOTFIN,Muthoot Finance Ltd.
MVBF,Mvb Financial Corp.
MVIS,Microvision Inc.
MVST,Microvast Holdings Inc.
MWA,Mueller Water Products Inc. Class A
MWH,Solv Energy Inc. Class A
MXC,Mexco Energy Corp.
MXCT,Maxcyte Inc.
MXL,Maxlinear Inc.
MYE,Myers Industries Inc.
MYFW,First Western Financial Inc.
MYGN,Myriad Genetics Inc.
MYO,Myomo Inc.
MYPS,Playstudios Inc.
MYRG,Myr Group Inc.
MZTI,Marzetti Co.
NABL,N-Able Inc./Us
NAGE,Niagen Bioscience Inc.
NAII,Natural Alternatives International Inc.
NAM-INDIA,Nippon Life India Asset Management Ltd.
NAT,Nordic American Tankers Ltd
NATCOPHARM,NATCO Pharma Ltd.
NATH,Nathan'S Famous Inc.
NATIONALUM,National Aluminium Co. Ltd.
NATL,Ncr Atleos Corp.
NATR,Nature'S Sunshine Products Inc.
NAUKRI,Info Edge (India) Ltd.
NAUT,Nautilus Biotechnology Inc.
NAVA,Nava Ltd.
NAVI,Navient Corp.
NAVINFLUOR,Navin Fluorine International Ltd.
NAVN,Navan Inc. Class A
NAZARA,Nazara Technologies Ltd.
NB,Niocorp Developments Ltd
NBBK,Nb Bancorp Inc.
NBCC,NBCC (India) Ltd.
NBHC,National Bank Holdings Corp. Class A
NBIX,Neurocrine Biosciences Inc.
NBN,Northeast Bank
NBR,Nabors Industries Ltd.
NBTB,Nbt Bancorp Inc.
NC,Nacco Industries Inc. Class A
NCC,NCC Ltd.
NCLH,Norwegian Cruise Line Holdings Ltd.
NCMI,National Cinemedia Inc.
NCNO,Ncino Inc.
NCSM,Ncs Multistage Holdings Inc.
NDAQ,Nasdaq Inc.
NDLS,Noodles & Co. Class A
NDSN,Nordson Corp.
NE,Noble Corp. Plc
NECB,Northeast Community Bancorp Inc.
NEE,Nextera Energy Inc.
NEM,Newmont Corp.
NEO,Neogenomics Inc.
NEOG,Neogen Corp.
NEOGEN,NEOGEN CHEMICALS LTD.
NEOV,Neovolta Inc.
NEPH,Nephros Inc.
NERV,Minerva Neurosciences Inc.
NESCO,NESCO Ltd.
NESR,National Energy Services Reunited
NESTLEIND,Nestle India Ltd.
NET,Cloudflare Inc. Class A
NETWEB,Netweb Technologies India Ltd.
NETWORK18,Network18 Media & Investments Ltd.
NEU,Newmarket Corp.
NEULANDLAB,Neuland Laboratories Ltd.
NEUP,Neuphoria Therapeutics Inc.
NEWGEN,Newgen Software Technologies Ltd.
NEWT,Newtekone Inc.
NEXT,Nextdecade Corp.
NFBK,Northfield Bancorp Inc.
NFE,New Fortress Energy Inc. Class A
NFG,National Fuel Gas Co.
NFL,National Fertilizers Ltd.
NFLX,Netflix Inc.
NG,Novagold Resources Inc
NGNE,Neurogene Inc.
NGS,Natural Gas Services Group Inc.
NGVC,Natural Grocers By Vitamin Cottage Inc.
NGVT,Ingevity Corp.
NH,Narayana Hrudayalaya Ltd.
NHC,National Healthcare Corp.
NHI,National Health Investors Inc.
NHPC,NHPC Ltd.
NI,Nisource Inc.
NIACL,The New India Assurance Company Ltd.
NIC,Nicolet Bankshares Inc.
NIQ,Niq Global Intelligence Plc
NIVABUPA,Niva Bupa Health Insurance Company Ltd.
NIXX,Nixxy Inc.
NJR,New Jersey Resources Corp.
NKE,Nike Inc. Class B
NKSH,National Bankshares Inc.
NKTR,Nektar Therapeutics
NKTX,Nkarta Inc.
NL,Nl Industries Inc.
NLCINDIA,NLC India Ltd.
NLOP,Net Lease Office Properties
NLY,Annaly Capital Management Inc.
NMDC,NMDC Ltd.
NMIH,Nmi Holdings Inc. Class A
NMRA,Neumora Therapeutics Inc.
NMRK,Newmark Group Inc. Class A
NMTC,Neuroone Medical Technologies Corp.
NN,Nextnav Inc.
NNBR,Nn Inc.
NNE,Nano Nuclear Energy Inc.
NNI,Nelnet Inc. Class A
NNN,Nnn Reit Inc.
NNOX,Nano X Imaging Ltd
NNVC,Nanoviricides Inc.
NOC,Northrop Grumman Corp.
NODK,Ni Holdings Inc.
NOG,Northern Oil & Gas Inc.
NOMA,Nomadar Corp. Class A
NOV,Nov Inc.
NOVS,Novusterra Inc.
NOVT,Novanta Inc.
NOW,Servicenow Inc.
NP,Neptune Insurance Holdings Inc. Class A
NPB,Northpointe Bancshares Inc.
NPCE,Neuropace Inc.
NPK,National Presto Industries Inc.
NPKI,Npk International Inc.
NPO,Enpro Inc.
NPWR,Net Power Inc.
NRC,Nrc Health
NRDS,Nerdwallet Inc. Class A
NRDY,Nerdy Inc.
NREF,Nexpoint Real Estate Finance Inc.
NRG,Nrg Energy Inc.
NRGV,Energy Vault Holdings Inc.
NRIM,Northrim Bancorp Inc.
NRIX,Nurix Therapeutics Inc.
NRXP,Nrx Therapeutics Inc.
NRXS,Neuraxis Inc.
NSA,National Storage Affiliates Trust
NSC,Norfolk Southern Corp.
NSIT,Insight Enterprises Inc.
NSLNISP,NMDC Steel Ltd.
NSP,Insperity Inc.
NSSC,Napco Security Technologies Inc.
NSTS,Nsts Bancorp Inc.
NSYS,Nortech Systems Inc.
NTAP,Netapp Inc.
NTB,Bank Of Nt Butterfield & Son Ltd
NTCT,Netscout Systems Inc.
NTGR,Netgear Inc.
NTHI,Neonc Technologies Holdings Inc.
NTIC,Northern Technologies International Corp.
NTIP,Network-1 Technologies Inc.
NTLA,Intellia Therapeutics Inc.
NTNX,Nutanix Inc - A
NTPC,NTPC Ltd.
NTPCGREEN,NTPC Green Energy Ltd.
NTRA,Natera Inc.
NTRB,Nutriband Inc.
NTRP,Nexttrip Inc.
NTRS,Northern Trust Corp.
NTSK,Netskope Inc. Class A
NTST,Netstreit Corp.
NTWK,Netsol Technologies Inc.
NU,Nu Holdings Class A
NUAI,New Era Energy & Digital Inc.
NUE,Nucor Corp.
NUS,Nu Skin Enterprises Inc. Class A
NUTX,Nutex Health Inc.
NUVAMA,Nuvama Wealth Management Ltd.
NUVB,Nuvation Bio Inc.
NUVL,Nuvalent Inc. Class A
NUVOCO,Nuvoco Vistas Corporation Ltd.
NVAX,Novavax Inc.
NVCR,Novocure Ltd.
NVCT,Nuvectis Pharma Inc.
NVDA,Nvidia Corp.
NVEC,Nve Corp.
NVR,Nvr Inc.
NVRI,Enviri Corp.
NVST,Envista Holdings Corp.
NVT,Nvent Electric Plc
NVTS,Navitas Semiconductor Corp. Class A
NWBI,Northwest Bancshares Inc.
NWE,Northwestern Energy Group Inc.
NWFL,Norwood Financial Corp.
NWL,Newell Brands Inc.
NWN,Northwest Natural Holding Co.
NWPX,Nwpx Infrastructure Inc.
NWS,News Corp. Class B
NWSA,News Corp. Class A
NX,Quanex Building Products Corp.
NXDR,Nextdoor Holdings Inc.
NXDT,Nexpoint Diversified Real Estate Trust
NXPL,Nextplat Corp.
NXRT,Nexpoint Residential Trust Inc.
NXST,Nexstar Media Group Inc. Class A
NXT,Nextpower Inc. Class A
NXTC,Nextcure Inc.
NXXT,Nextnrg Inc.
NYC,American Strategic Investment Co. Class A
NYKAA,FSN E-Commerce Ventures Ltd.
NYT,New York Times Co. Class A
O,Realty Income Corp.
OABI,Omniab Inc.
OBEROIRLTY,Oberoi Realty Ltd.
OBIO,Orchestra Biomed Holdings Inc.
OBK,Origin Bancorp Inc.
OBT,Orange County Bancorp Inc.
OC,Owens Corning
OCC,Optical Cable Corp.
OCFC,Oceanfirst Financial Corp.
OCGN,Ocugen Inc.
OCUL,Ocular Therapeutix Inc.
ODC,Oil-Dri Corp. Of America
ODFL,Old Dominion Freight Line Inc.
OEC,Orion Sa
OESX,Orion Energy Systems Inc.
OFG,Ofg Bancorp
OFIX,Orthofix Medical Inc.
OFLX,Omega Flex Inc.
OFRM,Once Upon A Farm Pbc
OFSS,Oracle Financial Services Software Ltd.
OGE,Oge Energy Corp.
OGN,Organon & Co.
OGS,One Gas Inc.
OHI,Omega Healthcare Investors Inc.
OI,O-I Glass Inc.
OII,Oceaneering International Inc.
OIL,Oil India Ltd.
OIS,Oil States International Inc.
OKE,Oneok Inc.
OKLO,Oklo Inc. Class A
OKTA,Okta Inc.
OLAELEC,Ola Electric Mobility Ltd.
OLECTRA,Olectra Greentech Ltd.
OLED,Universal Display Corp.
OLLI,Ollie'S Bargain Outlet Holdings Inc.
OLMA,Olema Pharmaceuticals Inc.
OLN,Olin Corp.
OLP,One Liberty Properties Inc.
OLPX,Olaplex Holdings Inc.
OM,Outset Medical Inc.
OMC,Omnicom Group Inc.
OMCL,Omnicell Inc.
OMDA,Omada Health Inc.
OMER,Omeros Corp.
OMEX,Odyssey Marine Exploration Inc. Class B
OMF,Onemain Holdings Inc
ON,On Semiconductor Corp.
ONB,Old National Bancorp/In
ONDS,Ondas Inc.
ONESOURCE,Onesource Specialty Pharma Ltd.
ONEW,Onewater Marine Inc. Class A
ONGC,Oil & Natural Gas Corporation Ltd.
ONIT,Onity Group Inc.
ONL,Orion Properties Inc.
ONMD,Onemednet Corp.
ONON,On Holding Ag Class A
ONT,Onterris Inc
ONTF,On24 Inc
ONTO,Onto Innovation Inc.
OOMA,Ooma Inc.
OPAD,Offerpad Solutions Inc.
OPAL,Opal Fuels Inc. Class A
OPBK,Op Bancorp
OPCH,Option Care Health Inc.
OPEN,Opendoor Technologies Inc.
OPFI,Oppfi Inc.
OPHC,Optimumbank Holdings Inc.
OPK,Opko Health Inc.
OPLN,Openlane Inc.
OPRT,Oportun Financial Corp.
OPRX,Optimizerx Corp.
OPTIEMUS,Optiemus Infracom Ltd.
OPTT,Ocean Power Technologies Inc.
OPTU,Altice Usa Inc. Class A
OPXS,Optex Systems Holdings Inc.
OPY,Oppenheimer Holdings Inc. Class A
ORA,Ormat Technologies Inc.
ORC,Orchid Island Capital Inc.
ORCL,Oracle Corp.
ORGN,Origin Materials Inc.
ORGO,Organogenesis Holdings Inc. Class A
ORI,Old Republic International Corp.
ORIC,Oric Pharmaceuticals Inc.
ORIENTCEM,Orient Cement Ltd.
ORKA,Oruka Therapeutics Inc.
ORKLAINDIA,Orkla India Ltd.
ORLY,O'Reilly Automotive Inc.
ORN,Orion Group Holdings Inc.
ORRF,Orrstown Financial Services Inc.
OSBC,Old Second Bancorp Inc.
OSCR,Oscar Health Inc. Class A
OSG,Octave Specialty Group Inc.
OSIS,Osi Systems Inc.
OSK,Oshkosh Corp.
OSPN,Onespan Inc.
OSS,One Stop Systems Inc.
OSTX,Os Therapies Inc.
OSUR,Orasure Technologies Inc.
OSW,Onespaworld Holdings Ltd
OSWALPUMPS,Oswal Pumps Ltd.
OTIS,Otis Worldwide Corp.
OTLK,Outlook Therapeutics Inc.
OTTR,Otter Tail Corp.
OUST,Ouster Inc.
OUT,Outfront Media Inc.
OVBC,Ohio Valley Banc Corp.
OVID,Ovid Therapeutics Inc.
OVLY,Oak Valley Bancorp
OVV,Ovintiv Inc.
OWL,Blue Owl Capital Inc. Class A
OWLT,Owlet Inc. Class A
OXM,Oxford Industries Inc.
OXY,Occidental Petroleum Corp.
OZK,Bank Ozk
P,Everpure Inc Class A
PACB,Pacific Biosciences Of California Inc.
PACK,Ranpak Holdings Corp. Class A
PACS,Pacs Group Inc.
PAG,Penske Automotive Group Inc.
PAGEIND,Page Industries Ltd.
PAGS,Pagseguro Digital Ltd Class A
PAHC,Phibro Animal Health Corp. Class A
PAL,Proficient Auto Logistics Inc.
PAMT,Pamt Corp.
PANL,Pangaea Logistics Solutions Ltd
PANW,Palo Alto Networks Inc.
PAR,Par Technology Corp.
PARADEEP,Paradeep Phosphates Ltd.
PARAS,Paras Defence and Space Technologies Ltd.
PARK,Park Dental Partners Inc.
PARKHOSPS,Park Medi World Ltd.
PARR,Par Pacific Holdings Inc.
PASG,Passage Bio Inc.
PATANJALI,Patanjali Foods Ltd.
PATH,Uipath Inc. Class A
PATK,Patrick Industries Inc.
PAX,Patria Investments Ltd Class A
PAY,Paymentus Holdings Inc. Class A
PAYC,Paycom Software Inc.
PAYO,Payoneer Global Inc.
PAYS,Paysign Inc.
PAYTM,One 97 Communications Ltd.
PAYX,Paychex Inc.
PB,Prosperity Bancshares Inc.
PBF,Pbf Energy Inc. Class A
PBFS,Pioneer Bancorp Inc./Ny
PBH,Prestige Consumer Healthcare Inc.
PBHC,Pathfinder Bancorp Inc.
PBI,Pitney Bowes Inc.
PBYI,Puma Biotechnology Inc.
PCAR,Paccar Inc.
PCB,Pcb Bancorp
PCBL,PCBL Chemical Ltd.
PCG,Pg&E Corp.
PCJEWELLER,PC Jeweller Ltd.
PCOR,Procore Technologies Inc.
PCRX,Pacira Biosciences Inc.
PCT,Purecycle Technologies Inc.
PCTY,Paylocity Holding Corp.
PCVX,Vaxcyte Inc.
PCYO,Pure Cycle Corp.
PD,Pagerduty Inc.
PDEX,Pro-Dex Inc.
PDFS,Pdf Solutions Inc.
PDLB,Ponce Financial Group Inc.
PDM,Piedmont Office Realty Trust Inc. Class A
PDSB,Pds Biotechnology Corp.
PDYN,Palladyne Ai Corp.
PEB,Pebblebrook Hotel Trust
PEBK,Peoples Bancorp Of North Carolina Inc.
PEBO,Peoples Bancorp Inc./Oh
PECO,Phillips Edison & Co. Inc.
PED,Pedevco Corp.
PEG,Public Service Enterprise Group Inc.
PEGA,Pegasystems Inc.
PEN,Penumbra Inc.
PENG,Penguin Solutions Inc.
PENN,Penn Entertainment Inc.
PEP,Pepsico Inc.
PEPG,Pepgen Inc.
PERSISTENT,Persistent Systems Ltd.
PESI,Perma-Fix Environmental Services Inc.
PETRONET,Petronet LNG Ltd.
PETS,Petmed Express Inc.
PEW,Grabagun Digital Holdings Inc.
PFBC,Preferred Bank/Los Angeles Ca
PFC,Power Finance Corporation Ltd.
PFE,Pfizer Inc.
PFG,Principal Financial Group Inc.
PFGC,Performance Food Group Co.
PFIS,Peoples Financial Services Corp.
PFIZER,Pfizer Ltd.
PFOCUS,Prime Focus Ltd
PFS,Provident Financial Services Inc.
PFSI,Pennymac Financial Services Inc.
PG,Procter & Gamble Co.
PGC,Peapack-Gladstone Financial Corp.
PGEL,PG Electroplast Ltd.
PGEN,Precigen Inc.
PGHH,Procter & Gamble Hygiene & Health Care Ltd.
PGIL,Pearl Global Industries Ltd.
PGNY,Progyny Inc.
PGR,Progressive Corp.
PGY,Pagaya Technologies Ltd Class A
PH,Parker-Hannifin Corp.
PHAT,Phathom Pharmaceuticals Inc.
PHIN,Phinia Inc.
PHM,Pultegroup Inc.
PHOENIXLTD,Phoenix Mills Ltd.
PHR,Phreesia Inc.
PHUN,Phunware Inc.
PI,Impinj Inc.
PICCADIL,Piccadily Agro Industries Ltd.
PIDILITIND,Pidilite Industries Ltd.
PII,Polaris Inc.
PIII,P3 Health Partners Inc.
PIIND,PI Industries Ltd.
PINE,Alpine Income Property Trust Inc.
PINELABS,Pine Labs Ltd.
PINS,Pinterest Inc. Class A
PIPR,Piper Sandler Cos.
PIRAMALFIN,Piramal Finance Ltd.
PJT,Pjt Partners Inc.
PK,Park Hotels & Resorts Inc.
PKBK,Parke Bancorp Inc.
PKE,Park Aerospace Corp.
PKG,Packaging Corp. Of America
PKOH,Park-Ohio Holdings Corp.
PKST,Peakstone Realty Trust
PL,Planet Labs Pbc
PLAB,Photronics Inc.
PLAY,Dave & Buster'S Entertainment Inc.
PLBC,Plumas Bancorp
PLBY,Playboy Inc.
PLCE,Children'S Place Inc.
PLD,Prologis Inc.
PLGO,Pelagos Insurance Capital Ltd
PLMR,Palomar Holdings Inc.
PLNT,Planet Fitness Inc. Class A
PLOW,Douglas Dynamics Inc.
PLPC,Preformed Line Products Co.
PLRX,Pliant Therapeutics Inc.
PLSE,Pulse Biosciences Inc.
PLTK,Playtika Holding Corp
PLTR,Palantir Technologies Inc. Class A
PLUG,Plug Power Inc.
PLUS,Eplus Inc.
PLXS,Plexus Corp.
PLYX,Polaryx Therapeutics Inc.
PM,Philip Morris International Inc.
PMT,Pennymac Mortgage Investment Trust
PMTS,Cpi Card Group Inc.
PMVP,Pmv Pharmaceuticals Inc.
PNB,Punjab National Bank
PNBHOUSING,PNB Housing Finance Ltd.
PNBK,Patriot National Bancorp Inc.
PNC,Pnc Financial Services Group Inc.
PNCINFRA,PNC Infratech Ltd.
PNFP,Pinnacle Financial Partners Inc.
PNGJL,P N Gadgil Jewellers Ltd.
PNR,Pentair Plc
PNRG,Primeenergy Resources Corp.
PNTG,Pennant Group Inc.
PNW,Pinnacle West Capital Corp.
POCI,Precision Optics Corp. Inc./Mass
PODC,Podcastone Inc.
PODD,Insulet Corp.
POLICYBZR,PB Fintech Ltd.
POLYCAB,Polycab India Ltd.
POLYMED,Poly Medicure Ltd.
POOL,Pool Corp.
POONAWALLA,Poonawalla Fincorp Ltd.
POR,Portland General Electric Co.
POST,Post Holdings Inc.
POWERGRID,Power Grid Corporation of India Ltd.
POWERINDIA,Hitachi Energy India Ltd.
POWERMECH,Power Mech Projects Ltd.
POWI,Power Integrations Inc.
POWL,Powell Industries Inc.
POWW,Outdoor Holding Co.
PPC,Pilgrim'S Pride Corp.
PPG,Ppg Industries Inc.
PPHC,Public Policy Holding Co. Inc.
PPIH,Perma-Pipe International Holdings Inc.
PPL,Ppl Corp.
PPLPHARMA,Piramal Pharma Ltd.
PPSI,Pioneer Power Solutions Inc.
PPTA,Perpetua Resources Corp
PR,Permian Resources Corp. Class A
PRA,Proassurance Corp.
PRAA,Pra Group Inc.
PRAJIND,Praj Industries Ltd.
PRAX,Praxis Precision Medicines Inc.
PRCH,Porch Group Inc.
PRCT,Procept Biorobotics Corp.
PRDO,Perdoceo Education Corp.
PREMIERENE,Premier Energies Ltd.
PRESTIGE,Prestige Estates Projects Ltd.
PRG,Prog Holdings Inc.
PRGO,Perrigo Co. Plc
PRGS,Progress Software Corp.
PRI,Primerica Inc.
PRICOLLTD,Pricol Ltd.
PRIM,Primoris Services Corp.
PRIVISCL,Privi Speciality Chemicals Ltd.
PRK,Park National Corp.
PRKS,United Parks & Resorts Inc.
PRLB,Proto Labs Inc.
PRLD,Prelude Therapeutics Inc.
PRM,Perimeter Solutions Inc.
PRMB,Primo Brands Corp. Class A
PRME,Prime Medicine Inc.
PROP,Prairie Operating Co.
PROV,Provident Financial Holdings Inc.
PRPL,Purple Innovation Inc. Class A
PRPO,Precipio Inc.
PRSMJOHNSN,Prism Johnson Ltd.
PRSU,Pursuit Attractions And Hospitality Inc.
PRTA,Prothena Plc
PRTH,Priority Technology Holdings Inc.
PRTS,Carparts.Com Inc.
PRU,Prudential Financial Inc.
PRUDENT,Prudent Corporate Advisory Services Ltd.
PRVA,Privia Health Group Inc.
PSA,Public Storage
PSFE,Paysafe Ltd
PSIX,Power Solutions International Inc.
PSKY,Paramount Skydance Corp. Class B
PSMT,Pricesmart Inc.
PSN,Parsons Corp.
PSNL,Personalis Inc.
PSQH,Psq Holdings Inc. Class A
PSTG,Pure Storage Inc. Class A
PSTL,Postal Realty Trust Inc. Class A
PSX,Phillips 66
PTC,PTC India Ltd.
PTCIL,PTC Industries Ltd.
PTCT,Ptc Therapeutics Inc.
PTEN,Patterson-Uti Energy Inc.
PTGX,Protagonist Therapeutics Inc.
PTHS,Pelthos Therapeutics Inc.
PTLO,Portillo'S Inc. Class A
PTON,Peloton Interactive Inc. Class A
PTRN,Pattern Group Inc. Class A
PUBM,Pubmatic Inc. Class A
PULM,Pulmatrix Inc.
PUMP,Propetro Holding Corp.
PURVA,Puravankara Ltd.
PVH,Pvh Corp.
PVLA,Palvella Therapeutics Inc.
PVRINOX,PVR INOX Ltd.
PWL,Physicswallah Ltd.
PWP,Perella Weinberg Partners Class A
PWR,Quanta Services Inc.
PXLW,Pixelworks Inc.
PYPL,Paypal Holdings Inc.
PYXS,Pyxis Oncology Inc.
PZG,Paramount Gold Nevada Corp.
PZZA,Papa John'S International Inc.
Q,Qnity Electronics Inc.
QBTS,D-Wave Quantum Inc.
QCOM,Qualcomm Inc.
QCRH,Qcr Holdings Inc.
QDEL,Quidelortho Corp.
QGEN,Qiagen Nv
QLYS,Qualys Inc.
QMCO,Quantum Corp.
QNST,Quinstreet Inc.
QPOWER,Quality Power Electrical Equipments Ltd.
QRHC,Quest Resource Holding Corp.
QRVO,Qorvo Inc.
QS,Quantumscape Corp. Class A
QSI,Quantum-Si Inc.
QSR,Restaurants Brands International I
QTI,Qt Imaging Holdings Inc.
QTRX,Quanterix Corp.
QTTB,Q32 Bio Inc.
QTWO,Q2 Holdings Inc.
QUAD,Quad/Graphics Inc.
QUBT,Quantum Computing Inc.
QUESS,Quess Corp Ltd.
QUIK,Quicklogic Corp.
QXO,Qxo Inc.
R,Ryder System Inc.
RADICO,Radico Khaitan Ltd
RAIL,Freightcar America Inc.
RAILTEL,Railtel Corporation Of India Ltd.
RAIN,Rain Industries Ltd
RAINBOW,Rainbow Childrens Medicare Ltd.
RAL,Ralliant Corp.
RALLIS,Rallis India Ltd.
RAMCOCEM,The Ramco Cements Ltd.
RAMP,Liveramp Holdings Inc.
RANI,Rani Therapeutics Holdings Inc.
RAPP,Rapport Therapeutics Inc.
RARE,Ultragenyx Pharmaceutical Inc.
RATEGAIN,Rategain Travel Technologies Ltd.
RATNAMANI,Ratnamani Metals & Tubes Ltd.
RAVE,Rave Restaurant Group Inc.
RAYMONDLSL,Raymond Lifestyle Ltd.
RBA,Restaurant Brands Asia Ltd.
RBB,Rbb Bancorp
RBBN,Ribbon Communications Inc.
RBC,Rbc Bearings Inc.
RBCAA,Republic Bancorp Inc./Ky Class A
RBKB,Rhinebeck Bancorp Inc.
RBLBANK,RBL Bank Ltd.
RBLX,Roblox Corp.
RBRK,Rubrik Inc. Class A
RC,Ready Capital Corp.
RCAT,Red Cat Holdings Inc.
RCEL,Avita Medical Inc.
RCF,Rashtriya Chemicals & Fertilizers Ltd.
RCKT,Rocket Pharmaceuticals Inc.
RCKY,Rocky Brands Inc.
RCL,Royal Caribbean Cruises Ltd.
RCMT,Rcm Technologies Inc.
RCUS,Arcus Biosciences Inc.
RDDT,Reddit Inc. Class A
RDI,Reading International Inc. Class A
RDIB,Reading International Inc. Class B
RDN,Radian Group Inc.
RDNT,Radnet Inc.
RDNW,Ridenow Group Inc. Class B
RDVT,Red Violet Inc.
RDW,Redwire Corp.
REAL,Realreal Inc.
REAX,Real Brokerage Inc
RECLTD,REC Ltd.
REDINGTON,Redington Ltd.
REDTAPE,Redtape Ltd.
REFEX,Refex Industries Ltd.
REFI,Chicago Atlantic Real Estate Finance Inc.
REFR,Research Frontiers Inc.
REG,Regency Centers Corp.
REGN,Regeneron Pharmaceuticals Inc.
REI,Ring Energy Inc.
REKR,Rekor Systems Inc.
RELAXO,Relaxo Footwears Ltd.
RELIANCE,Reliance Industries Ltd.
RELIGARE,Religare Enterprises Ltd.
RELL,Richardson Electronics Ltd./United States
RELY,Remitly Global Inc.
RENT,Rent The Runway Inc. Class A
RENUKA,Shree Renuka Sugars Ltd.
REPL,Replimune Group Inc.
REPX,Riley Exploration Permian Inc.
RES,Rpc Inc.
REX,Rex American Resources Corp.
REXR,Rexford Industrial Realty Inc.
REYN,Reynolds Consumer Products Inc.
REZI,Resideo Technologies Inc.
RF,Regions Financial Corp.
RFIL,Rf Industries Ltd.
RFL,Rafael Holdings Inc. Class B
RGA,Reinsurance Group Of America Inc.
RGCO,Rgc Resources Inc.
RGEN,Repligen Corp.
RGLD,Royal Gold Inc.
RGNX,Regenxbio Inc.
RGP,Resources Connection Inc.
RGR,Sturm Ruger & Co. Inc.
RGS,Regis Corp.
RGTI,Rigetti Computing Inc.
RH,Rh
RHI,Robert Half Inc.
RHIM,RHI MAGNESITA INDIA LTD.
RHLD,Resolute Holdings Management Inc.
RHP,Ryman Hospitality Properties Inc.
RICK,Rci Hospitality Holdings Inc.
RIG,Transocean Ltd.
RIGL,Rigel Pharmaceuticals Inc.
RILY,Brc Group Holdings Inc.
RIOT,Riot Platforms Inc.
RITES,RITES Ltd.
RITM,Rithm Capital Corp.
RIVN,Rivian Automotive Inc. Class A
RJF,Raymond James Financial Inc.
RKFORGE,Ramkrishna Forgings Ltd.
RKLB,Rocket Lab Corp.
RKT,Rocket Cos. Inc. Class A
RL,Ralph Lauren Corp. Class A
RLAY,Relay Therapeutics Inc.
RLGT,Radiant Logistics Inc.
RLI,Rli Corp.
RLJ,Rlj Lodging Trust
RLMD,Relmada Therapeutics Inc.
RLYB,Rallybio Corp.
RM,Regional Management Corp.
RMAX,Re/Max Holdings Inc. Class A
RMBI,Richmond Mutual Bancorp Inc.
RMBS,Rambus Inc.
RMCO,Royalty Management Holding Corp.
RMD,Resmed Inc.
RMNI,Rimini Street Inc.
RMR,Rmr Group Inc. Class A
RMTI,Rockwell Medical Inc.
RNA,Atrium Therapeutics Inc.
RNAC,Cartesian Therapeutics Inc.
RNG,Ringcentral Inc. Class A
RNGR,Ranger Energy Services Inc.
RNR,Renaissancere Holdings Ltd.
RNST,Renasant Corp.
RNTX,Rein Therapeutics Inc.
RNXT,Renovorx Inc.
ROAD,Construction Partners Inc. Class A
ROCK,Gibraltar Industries Inc.
ROG,Rogers Corp.
ROIV,Roivant Sciences Ltd.
ROK,Rockwell Automation Inc.
ROKU,Roku Inc.
ROL,Rollins Inc.
ROOT,Root Inc./Oh Class A
ROP,Roper Technologies Inc.
ROST,Ross Stores Inc.
ROUTE,Route Mobile Ltd.
RPAY,Repay Holdings Corp. Class A
RPC,Ridgepost Capital Inc. Class A
RPD,Rapid7 Inc.
RPHM,Onkure Therapeutics Inc.
RPID,Rapid Micro Biosystems Inc. Class A
RPM,Rpm International Inc.
RPOWER,Reliance Power Ltd.
RPRX,Royalty Pharma Plc Class A
RPT,Rithm Property Trust Inc.
RR,Richtech Robotics Inc. Class B
RRBI,Red River Bancshares Inc.
RRC,Range Resources Corp.
RRGB,Red Robin Gourmet Burgers Inc.
RRKABEL,R R Kabel Ltd.
RRR,Red Rock Resorts Inc. Class A
RRX,Regal Rexnord Corp.
RS,Reliance Inc.
RSG,Republic Services Inc. Class A
RSI,Rush Street Interactive Inc.
RSSS,Research Solutions Inc./Ca
RTNINDIA,RattanIndia Enterprises Ltd.
RTNPOWER,RattanIndia Power Ltd.
RTX,Rtx Corp.
RUBICON,Rubicon Research Ltd.
RUM,Rumble Inc.
RUN,Sunrun Inc.
RUSHA,Rush Enterprises Inc. Class A
RUSHB,Rush Enterprises Inc. Class B
RVLV,Revolve Group Inc.
RVMD,Revolution Medicines Inc.
RVNL,Rail Vikas Nigam Ltd.
RVP,Retractable Technologies Inc.
RVPH,Reviva Pharmaceuticals Holdings Inc.
RVSB,Riverview Bancorp Inc.
RVTY,Revvity Inc.
RWT,Redwood Trust Inc.
RXO,Rxo Inc.
RXRX,Recursion Pharmaceuticals Inc. Class A
RXST,Rxsight Inc.
RXT,Rackspace Technology Inc.
RYAM,Rayonier Advanced Materials Inc.
RYAN,Ryan Specialty Holdings Inc. Class A
RYM,Rythm Inc.
RYN,Rayonier Inc.
RYTM,Rhythm Pharmaceuticals Inc.
RYZ,Ryerson Holding Corp.
RZLT,Rezolute Inc.
RZLV,Rezolve Ai Plc
S,Sentinelone Inc. Class A
SAATVIKGL,Saatvik Green Energy Ltd.
SABR,Sabre Corp.
SABS,Sab Biotherapeutics Inc.
SACH,Sachem Capital Corp.
SAFARI,Safari Industries (India) Ltd.
SAFE,Safehold Inc.
SAFT,Safety Insurance Group Inc.
SAGILITY,Sagility Ltd.
SAH,Sonic Automotive Inc. Class A
SAIA,Saia Inc.
SAIC,Science Applications International Corp.
SAIL,Steel Authority of India Ltd.
SAILIFE,Sai Life Sciences Ltd.
SAM,Boston Beer Co. Inc. Class A
SAMG,Silvercrest Asset Management Group Inc. Class A
SAMHI,Samhi Hotels Ltd.
SAMMAANCAP,Sammaan Capital Ltd.
SANA,Sana Biotechnology Inc.
SANDUMA,Sandur Manganese & Iron Ores Ltd.
SANM,Sanmina Corp.
SANOFICONR,Sanofi Consumer Healthcare India Ltd.
SANSERA,Sansera Engineering Ltd.
SAPPHIRE,Sapphire Foods India Ltd.
SARDAEN,Sarda Energy and Minerals Ltd.
SAREGAMA,Saregama India Ltd
SARO,Standardaero Inc.
SATL,Satellogic Inc. Class A
SATS,Echostar Corp. Class A
SB,Safe Bulkers Inc
SBAC,Sba Communications Corp. Class A
SBCF,Seacoast Banking Corp. Of Florida
SBFC,SBFC Finance Ltd.
SBFG,Sb Financial Group Inc.
SBGI,Sinclair Inc.
SBH,Sally Beauty Holdings Inc.
SBICARD,SBI Cards and Payment Services Ltd.
SBILIFE,SBI Life Insurance Company Ltd.
SBIN,State Bank of India
SBRA,Sabra Health Care Reit Inc.
SBSI,Southside Bancshares Inc.
SBT,Sterling Bancorp Inc./Mi
SBUX,Starbucks Corp.
SCCO,Southern Copper Corp
SCHAEFFLER,Schaeffler India Ltd.
SCHL,Scholastic Corp.
SCHW,Charles Schwab Corp.
SCI,Shipping Corporation of India Ltd.
SCL,Stepan Co.
SCLX,Scilex Holding Co.
SCOR,Comscore Inc.
SCSC,Scansource Inc.
SCVL,Shoe Carnival Inc.
SCWO,374Water Inc.
SCYX,Scynexis Inc.
SD,Sandridge Energy Inc.
SDGR,Schrodinger Inc./United States
SDHC,Smith Douglas Homes Corp.
SDRL,Seadrill Ltd.
SDST,Stardust Power Inc.
SEAT,Vivid Seats Inc. Class A
SEB,Seaboard Corp.
SEE,Sealed Air Corp
SEER,Seer Inc. Class A
SEG,Seaport Entertainment Group Inc.
SEI,Solaris Oilfield Infrastructure Inc. Class A
SEIC,Sei Investments Co.
SELF,Global Self Storage Inc.
SEM,Select Medical Holdings Corp.
SEMR,Semrush Holdings Inc Class A
SENCO,Senco Gold Ltd.
SENEA,Seneca Foods Corp. Class A
SENS,Senseonics Holdings Inc.
SEPN,Septerna Inc.
SER,Serina Therapeutics Inc.
SERA,Sera Prognostics Inc. Class A
SERV,Serve Robotics Inc.
SES,Ses Ai Corp.
SEVN,Seven Hills Realty Trust
SEZL,Sezzle Inc.
SF,Stifel Financial Corp.
SFBC,Sound Financial Bancorp Inc.
SFBS,Servisfirst Bancshares Inc.
SFD,Smithfield Foods Inc
SFIX,Stitch Fix Inc. Class A
SFL,Sheela Foam Ltd.
SFM,Sprouts Farmers Market Inc.
SFNC,Simmons First National Corp. Class A
SFST,Southern First Bancshares Inc.
SG,Sweetgreen Inc. Class A
SGA,Saga Communications Inc. Class A
SGC,Superior Group Of Cos. Inc.
SGHC,Super Group Ltd
SGHT,Sight Sciences Inc.
SGI,Somnigroup International Inc.
SGMO,Sangamo Therapeutics Inc.
SGMT,Sagimet Biosciences Inc. Class A
SGP,Spyglass Pharma Inc.
SGRP,Spar Group Inc.
SGRY,Surgery Partners Inc.
SHAILY,Shaily Engineering Plastics Ltd.
SHAK,Shake Shack Inc. Class A
SHAKTIPUMP,Shakti Pumps (India) Ltd.
SHARDACROP,Sharda Cropchem Ltd.
SHAREINDIA,Share India Securities Ltd.
SHBI,Shore Bancshares Inc.
SHC,Sotera Health Co.
SHEN,Shenandoah Telecommunications Co.
SHILPAMED,Shilpa Medicare Ltd.
SHIM,Shimmick Corp.
SHLS,Shoals Technologies Group Inc. Class A
SHO,Sunstone Hotel Investors Inc.
SHOO,Steven Madden Ltd.
SHREECEM,Shree Cement Ltd.
SHRIPISTON,Shriram Pistons & Rings Ltd.
SHRIRAMFIN,Shriram Finance Ltd.
SHW,Sherwin-Williams Co.
SHYAMMETL,Shyam Metalics and Energy Ltd.
SI,Shoulder Innovations Inc.
SIBN,Si-Bone Inc.
SIDU,Sidus Space Inc. Class A
SIEB,Siebert Financial Corp.
SIEMENS,Siemens Ltd.
SIF,Sifco Industries Inc.
SIG,Signet Jewelers Ltd.
SIGA,Siga Technologies Inc.
SIGI,Selective Insurance Group Inc.
SIGNATURE,Signatureglobal (India) Ltd.
SILA,Sila Realty Trust Inc.
SION,Sionna Therapeutics Inc.
SIRI,Sirius Xm Holdings Inc.
SITC,Site Centers Corp.
SITE,Siteone Landscape Supply Inc.
SITM,Sitime Corp.
SJM,J M Smucker Co.
SJVN,SJVN Ltd.
SKFINDIA,SKF India Ltd.
SKFINDUS,SKF India (Industrial) Ltd.
SKIL,Skillsoft Corp.
SKIN,Skinhealth Systems Inc.
SKIPPER,Skipper Ltd.
SKLZ,Skillz Inc. Class A
SKT,Tanger Inc.
SKWD,Skyward Specialty Insurance Group Inc.
SKY,Champion Homes Inc.
SKYE,Skye Bioscience Inc.
SKYGOLD,SKY GOLD AND DIAMONDS Ltd.
SKYH,Sky Harbour Group Corp. Class A
SKYT,Skywater Technology Inc.
SKYW,Skywest Inc.
SKYX,Skyx Platforms Corp.
SLAB,Silicon Laboratories Inc.
SLB,Schlumberger Ltd.
SLDB,Solid Biosciences Inc.
SLDE,Slide Insurance Holdings Inc.
SLDP,Solid Power Inc.
SLG,Sl Green Realty Corp.
SLGN,Silgan Holdings Inc.
SLM,Slm Corp.
SLND,Southland Holdings Inc.
SLNG,Stabilis Solutions Inc.
SLNO,Soleno Therapeutics Inc.
SLP,Simulations Plus Inc.
SLQT,Selectquote Inc.
SLS,Sellas Life Sciences Group Inc.
SLSN,Solesence Inc.
SLVM,Sylvamo Corp.
SM,Sm Energy Co.
SMA,Smartstop Self Storage Reit Inc.
SMARTWORKS,Smartworks Coworking Spaces Ltd.
SMBC,Southern Missouri Bancorp Inc.
SMBK,Smartfinancial Inc.
SMC,Summit Midstream Corp.
SMCI,Super Micro Computer Inc.
SMG,Scotts Miracle-Gro Co.
SMHI,Seacor Marine Holdings Inc.
SMID,Smith-Midland Corp.
SMLMAH,SML Mahindra Ltd.
SMMT,Summit Therapeutics Inc.
SMP,Standard Motor Products Inc.
SMPL,Simply Good Foods Co.
SMR,Nuscale Power Corp.
SMRT,Smartrent Inc.
SMTC,Semtech Corp.
SMTI,Sanara Medtech Inc.
SMXT,Solarmax Technology Inc.
SN,Sharkninja Inc
SNA,Snap-On Inc.
SNAL,Snail Inc.
SNAP,Snap Inc.
SNBR,Sleep Number Corp.
SNCY,Sun Country Airlines Holdings Inc.
SND,Smart Sand Inc.
SNDA,Sonida Senior Living Inc.
SNDK,Sandisk Corp./De
SNDR,Schneider National Inc. Class B
SNDX,Syndax Pharmaceuticals Inc.
SNES,Senestech Inc.
SNEX,Stonex Group Inc.
SNFCA,Security National Financial Corp. Class A
SNOW,Snowflake Inc.
SNPS,Synopsys Inc.
SNTI,Senti Biosciences Holdings Inc.
SNWV,Sanuwave Health Inc.
SNX,Td Synnex Corp.
SNYR,Synergy Chc Corp.
SO,Southern Co.
SOBHA,Sobha Ltd.
SOC,Sable Offshore Corp.
SOFI,Sofi Technologies Inc.
SOLARINDS,Solar Industries India Ltd.
SOLS,Solstice Advanced Materials Inc.
SOLV,Solventum Corp.
SON,Sonoco Products Co.
SONACOMS,Sona BLW Precision Forgings Ltd.
SONATSOFTW,Sonata Software Ltd.
SONO,Sonos Inc.
SOTK,Sono-Tek Corp.
SOUN,Soundhound Ai Inc. Class A
SOUTHBANK,South Indian Bank Ltd.
SPAI,Safe Pro Group Inc.
SPARC,Sun Pharma Advanced Research Company Ltd.
SPB,Spectrum Brands Holdings Inc
SPCE,Virgin Galactic Holdings Inc.
SPFI,South Plains Financial Inc.
SPG,Simon Property Group Inc.
SPGI,S&P Global Inc.
SPHR,Sphere Entertainment Co.
SPIR,Spire Global Inc. Class A
SPLPETRO,Supreme Petrochem Ltd.
SPNT,Siriuspoint Ltd.
SPOK,Spok Holdings Inc.
SPOT,Spotify Technology Sa
SPRB,Spruce Biosciences Inc.
SPRO,Spero Therapeutics Inc.
SPRU,Spruce Power Holding Corp.
SPRY,Ars Pharmaceuticals Inc.
SPSC,Sps Commerce Inc.
SPT,Sprout Social Inc. Class A
SPWH,Sportsman'S Warehouse Holdings Inc.
SPWR,Sunpower Inc.
SPXC,Spx Technologies Inc.
SR,Spire Inc.
SRBK,Sr Bancorp Inc.
SRCE,1St Source Corp.
SRE,Sempra
SRF,SRF Ltd.
SRFM,Surf Air Mobility Inc.
SRG,Seritage Growth Properties Class A
SRI,Stoneridge Inc.
SRPT,Sarepta Therapeutics Inc.
SRRK,Scholar Rock Holding Corp.
SRTA,Strata Critical Medical Inc.
SRTS,Sensus Healthcare Inc.
SRZN,Surrozen Inc.
SSB,Southstate Bank Corp.
SSBI,Summit State Bank
SSD,Simpson Manufacturing Co. Inc.
SSNC,Ss&C Technologies Holdings Inc.
SSP,Ew Scripps Co. Class A
SSRM,Ssr Mining Inc
SST,System1 Inc.
SSTI,Soundthinking Inc.
SSTK,Shutterstock Inc.
ST,Sensata Technologies Holding Plc
STAA,Staar Surgical Co.
STAG,Stag Industrial Inc.
STAR,Strides Pharma Science Ltd.
STARCEMENT,Star Cement Ltd.
STARHEALTH,Star Health and Allied Insurance Company Ltd.
STBA,S&T Bancorp Inc.
STC,Stewart Information Services Corp.
STE,Steris Plc
STEL,Stellar Bancorp Inc.
STEM,Stem Inc.
STEP,Stepstone Group Inc. Class A
STEX,Streamex Corp.
STGW,Stagwell Inc. Class A
STHO,Star Holdings
STIM,Neuronetics Inc.
STKL,Sunopta Inc
STKS,One Group Hospitality Inc.
STLD,Steel Dynamics Inc.
STLTECH,Sterlite Technologies Ltd.
STNE,Stoneco Ltd Class A
STNG,Scorpio Tankers Inc
STOK,Stoke Therapeutics Inc.
STRA,Strategic Education Inc.
STRL,Sterling Infrastructure Inc.
STRO,Sutro Biopharma Inc.
STRR,Star Equity Holdings Inc.
STRS,Stratus Properties Inc.
STRT,Strattec Security Corp.
STRW,Strawberry Fields Reit Inc.
STRZ,Starz Entertainment Corp.
STSS,Sharps Technology Inc.
STT,State Street Corp.
STTK,Shattuck Labs Inc.
STWD,Starwood Property Trust Inc.
STX,Seagate Technology Holdings Plc
STXS,Stereotaxis Inc.
STYL,Seshaasai Technologies Ltd.
STYRENIX,Styrenix Performance Materials Ltd.
STZ,Constellation Brands Inc. Class A
SUBROS,Subros Ltd.
SUDARSCHEM,Sudarshan Chemical Industries Ltd.
SUDEEPPHRM,Sudeep Pharma Ltd.
SUI,Sun Communities Inc.
SUIG,Sui Group Holdings Ltd.
SUMICHEM,Sumitomo Chemical India Ltd.
SUNB,Sunbelt Rentals Holdings Inc.
SUNDARMFIN,Sundaram Finance Ltd.
SUNDRMFAST,Sundram Fasteners Ltd.
SUNPHARMA,Sun Pharmaceutical Industries Ltd.
SUNS,Sunrise Realty Trust Inc.
SUNTECK,Sunteck Realty Ltd.
SUNTV,Sun TV Network Ltd.
SUPN,Supernus Pharmaceuticals Inc.
SUPREMEIND,Supreme Industries Ltd.
SUPRIYA,Supriya Lifescience Ltd.
SURG,Surgepays Inc.
SURYAROSNI,Surya Roshni Ltd.
SUZLON,Suzlon Energy Ltd.
SVC,Service Properties Trust
SVCO,Silvaco Group Inc.
SVRA,Savara Inc.
SVV,Savers Value Village Inc.
SW,Smurfit Westrock Plc
SWAG,Stran & Co. Inc.
SWANCORP,Swan Corp Ltd.
SWBI,Smith & Wesson Brands Inc.
SWIGGY,Swiggy Ltd.
SWIM,Latham Group Inc.
SWK,Stanley Black & Decker Inc.
SWKS,Skyworks Solutions Inc.
SWSOLAR,Sterling and Wilson Renewable Energy Ltd.
SWX,Southwest Gas Holdings Inc.
SXC,Suncoke Energy Inc.
SXI,Standex International Corp.
SXT,Sensient Technologies Corp.
SYBT,Stock Yards Bancorp Inc.
SYF,Synchrony Financial
SYK,Stryker Corp.
SYM,Symbotic Inc. Class A
SYNA,Synaptics Inc.
SYNGENE,Syngene International Ltd.
SYPR,Sypris Solutions Inc.
SYRE,Spyre Therapeutics Inc.
SYRMA,Syrma SGS Technology Ltd.
SYY,Sysco Corp.
T,At&T Inc.
TACT,Transact Technologies Inc.
TALK,Talkspace Inc.
TALO,Talos Energy Inc.
TANLA,Tanla Platforms Ltd.
TAP,Molson Coors Beverage Co. Class B
TARA,Protara Therapeutics Inc.
TARC,TARC Ltd.
TARIL,Transformers And Rectifiers (India) Ltd.
TARS,Tarsus Pharmaceuticals Inc.
TASK,Taskus Inc. Class A
TATACAP,Tata Capital Ltd.
TATACHEM,Tata Chemicals Ltd.
TATACOMM,Tata Communications Ltd.
TATACONSUM,Tata Consumer Products Ltd.
TATAELXSI,Tata Elxsi Ltd.
TATAINVEST,Tata Investment Corporation Ltd.
TATAPOWER,Tata Power Co. Ltd.
TATASTEEL,Tata Steel Ltd.
TATATECH,Tata Technologies Ltd.
TAYD,Taylor Devices Inc.
TBBK,Bancorp Inc.
TBCH,Turtle Beach Corp.
TBI,Trueblue Inc.
TBOTEK,TBO Tek Ltd.
TBPH,Theravance Biopharma Inc.
TBRG,Trubridge Inc.
TCBI,Texas Capital Bancshares Inc.
TCBK,Trico Bancshares
TCBS,Texas Community Bancshares Inc.
TCBX,Third Coast Bancshares Inc.
TCI,Transcontinental Realty Investors Inc.
TCMD,Tactile Systems Technology Inc.
TCRX,Tscan Therapeutics Inc.
TCS,Tata Consultancy Services Ltd.
TCX,Tucows Inc. Class A
TDAY,Usa Today Co. Inc.
TDC,Teradata Corp.
TDG,Transdigm Group Inc.
TDOC,Teladoc Health Inc.
TDPOWERSYS,TD Power Systems Ltd.
TDS,Telephone And Data Systems Inc.
TDUP,Thredup Inc. Class A
TDW,Tidewater Inc.
TDY,Teledyne Technologies Inc.
TE,T1 Energy Inc.
TEAD,Teads Holding Co.
TEAM,Atlassian Corp. Class A
TECH,Bio-Techne Corp.
TECHM,Tech Mahindra Ltd.
TECHNOE,Techno Electric & Engineering Company Ltd.
TECX,Tectonic Therapeutic Inc.
TEGA,Tega Industries Ltd.
TEJASNET,Tejas Networks Ltd.
TEL,Te Connectivity Plc
TELA,Tela Bio Inc.
TELO,Telomir Pharmaceuticals Inc.
TEM,Tempus Ai Inc. Class A
TENB,Tenable Holdings Inc.
TENNIND,Tenneco Clean Air India Ltd.
TENX,Tenax Therapeutics Inc.
TER,Teradyne Inc.
TERN,Terns Pharmaceuticals Inc.
TEX,Terex Corp.
TEXRAIL,Texmaco Rail & Eng. Ltd.
TFC,Truist Financial Corp.
TFIN,Triumph Financial Inc.
TFSL,Tfs Financial Corp.
TFX,Teleflex Inc.
TG,Tredegar Corp.
TGEN,Tecogen Inc.
TGLS,Tecnoglass Inc
TGNA,TEGNA INC
TGT,Target Corp.
TGTX,Tg Therapeutics Inc.
TH,Target Hospitality Corp.
THANGAMAYL,Thangamayil Jewellery Ltd.
THC,Tenet Healthcare Corp.
THELEELA,Leela Palaces Hotels & Resorts Ltd.
THERMAX,Thermax Ltd.
THFF,First Financial Corp.
THG,Hanover Insurance Group Inc.
THO,Thor Industries Inc.
THOMASCOOK,Thomas Cook (India) Ltd.
THR,Thermon Group Holdings Inc.
THRD,Third Harmonic Bio Inc
THRM,Gentherm Inc.
THRY,Thryv Holdings Inc.
THYROCARE,Thyrocare Technologies Ltd.
TI,Tilaknagar Industries Ltd.
TIC,Tic Solutions Inc.
TIGO,Millicom International Cellular Sa
TIINDIA,Tube Investments of India Ltd.
TIL,Instil Bio Inc.
TILE,Interface Inc. Class A
TIMETECHNO,Time Technoplast Ltd.
TIMKEN,Timken India Ltd.
TIPSMUSIC,Tips Music Ltd.
TIPT,Tiptree Inc.
TISI,Team Inc.
TITAGARH,Titagarh Rail Systems Ltd.
TITAN,Titan Company Ltd.
TITN,Titan Machinery Inc.
TJX,Tjx Cos. Inc.
TK,Teekay Corporation Corp Ltd
TKNO,Alpha Teknova Inc.
TKO,Tko Group Holdings Inc. Class A
TKR,Timken Co.
TLF,Tandy Leather Factory Inc.
TLN,Talen Energy Corp.
TLS,Telos Corp.
TLSI,Trisalus Life Sciences Inc.
TLYS,Tilly'S Inc. Class A
TMB,Tamilnad Mercantile Bank Ltd.
TMCI,Treace Medical Concepts Inc.
TMCV,Tata Motors Ltd.
TMDX,Transmedics Group Inc.
TMHC,Taylor Morrison Home Corp.
TMO,Thermo Fisher Scientific Inc.
TMP,Tompkins Financial Corp.
TMPV,Tata Motors Passenger Vehicles Ltd.
TMUS,T-Mobile Us Inc.
TNC,Tennant Co.
TNDM,Tandem Diabetes Care Inc.
TNET,Trinet Group Inc.
TNGX,Tango Therapeutics Inc.
TNK,Teekay Tankers Ltd Class A
TNL,Travel + Leisure Co.
TNXP,Tonix Pharmaceuticals Holding Corp.
TNYA,Tenaya Therapeutics Inc.
TOI,Oncology Institute Inc.
TOL,Toll Brothers Inc.
TOMZ,Tomi Environmental Solutions Inc.
TONX,Ton Strategy Co.
TOON,Kartoon Studios Inc.
TORNTPHARM,Torrent Pharmaceuticals Ltd.
TORNTPOWER,Torrent Power Ltd.
TOST,Toast Inc. Class A
TOWN,Towne Bank/Portsmouth Va
TPB,Turning Point Brands Inc.
TPC,Tutor Perini Corp.
TPCS,Techprecision Corp.
TPG,Tpg Inc. Class A
TPH,Tri Pointe Homes Inc.
TPL,Texas Pacific Land Corp.
TPR,Tapestry Inc.
TPST,Tempest Therapeutics Inc.
TR,Tootsie Roll Industries Inc.
TRAK,Repositrak Inc.
TRANSRAILL,Transrail Lighting Ltd.
TRAVELFOOD,Travel Food Services Ltd.
TRAX,First Tracks Biotherapeutics Inc.
TRC,Tejon Ranch Co.
TRDA,Entrada Therapeutics Inc.
TREE,Lendingtree Inc.
TRENT,Trent Ltd.
TREX,Trex Co. Inc.
TRGP,Targa Resources Corp.
TRIDENT,Trident Ltd.
TRIP,Tripadvisor Inc.
TRITURBINE,Triveni Turbine Ltd.
TRIVENI,Triveni Engineering & Industries Ltd.
TRMB,Trimble Inc.
TRMK,Trustmark Corp.
TRN,Trinity Industries Inc.
TRNO,Terreno Realty Corp.
TRNS,Transcat Inc.
TRON,Tron Inc.
TROW,T. Rowe Price Group Inc.
TROX,Tronox Holdings Plc
TRS,Trimas Corp.
TRST,Trustco Bank Corp. Ny
TRT,Trio-Tech International
TRTX,Tpg Re Finance Trust Inc.
TRU,Transunion
TRUP,Trupanion Inc.
TRV,Travelers Cos. Inc.
TRVI,Trevi Therapeutics Inc.
TSBK,Timberland Bancorp Inc./Wa
TSCO,Tractor Supply Co.
TSFINV,TSF Investments Ltd.
TSHA,Taysha Gene Therapies Inc.
TSLA,Tesla Inc.
TSN,Tyson Foods Inc. Class A
TSQ,Townsquare Media Inc. Class A
TSSI,Tss Inc./Md
TT,Trane Technologies Plc
TTAN,Servicetitan Inc.
TTC,Toro Co.
TTD,Trade Desk Inc. Class A
TTEC,Ttec Holdings Inc.
TTEK,Tetra Tech Inc.
TTGT,Techtarget Inc.
TTI,Tetra Technologies Inc.
TTMI,Ttm Technologies Inc.
TTML,Tata Teleservices (Maharashtra) Ltd.
TTRX,Turn Therapeutics Inc.
TTWO,Take-Two Interactive Software Inc.
TUSK,Mammoth Energy Services Inc.
TVGN,Tevogen Bio Holdings Inc.
TVRD,Tvardi Therapeutics Inc.
TVSMOTOR,TVS Motor Company Ltd.
TVTX,Travere Therapeutics Inc.
TW,Tradeweb Markets Inc. Class A
TWFG,Twfg Inc.
TWI,Titan International Inc.
TWIN,Twin Disc Inc.
TWLO,Twilio Inc. Class A
TWO,Two Harbors Investment Corp.
TWST,Twist Bioscience Corp.
TXG,10X Genomics Inc. Class A
TXMD,Therapeuticsmd Inc.
TXN,Texas Instruments Inc.
TXNM,Txnm Energy Inc.
TXRH,Texas Roadhouse Inc. Class A
TXT,Textron Inc.
TYGO,Tigo Energy Inc.
TYL,Tyler Technologies Inc.
TYRA,Tyra Biosciences Inc.
TZOO,Travelzoo
U,Unity Software Inc.
UA,Under Armour Inc. Class C
UAA,Under Armour Inc. Class A
UAL,United Airlines Holdings Inc.
UAMY,United States Antimony Corp.
UAVS,Ageagle Aerial Systems Inc.
UBCP,United Bancorp Inc./Oh
UBER,Uber Technologies Inc.
UBL,United Breweries Ltd.
UBSI,United Bankshares Inc./Wv
UCB,United Community Banks Inc./Ga
UCOBANK,UCO Bank
UCTT,Ultra Clean Holdings Inc.
UDMY,Udemy Inc.
UDR,Udr Inc.
UE,Urban Edge Properties
UEC,Uranium Energy Corp.
UEIC,Universal Electronics Inc.
UFCS,United Fire Group Inc.
UFI,Unifi Inc.
UFPI,Ufp Industries Inc.
UFPT,Ufp Technologies Inc.
UG,United-Guardian Inc.
UGI,Ugi Corp.
UHAL,U-Haul Holding Co.
UHALB,U Haul Non Voting Series N
UHG,United Homes Group Inc. Class A
UHS,Universal Health Services Inc. Class B
UHT,Universal Health Realty Income Trust
UI,Ubiquiti Inc
UIS,Unisys Corp.
UJJIVANSFB,Ujjivan Small Finance Bank Ltd.
ULBI,Ultralife Corp.
ULCC,Frontier Group Holdings Inc.
ULH,Universal Logistics Holdings Inc.
ULS,Ul Solutions Inc. Class A
ULTA,Ulta Beauty Inc.
ULTRACEMCO,UltraTech Cement Ltd.
UMAC,Unusual Machines Inc. /Us
UMBF,Umb Financial Corp.
UMH,Umh Properties Inc.
UNB,Union Bankshares Inc./Morrisville Vt
UNCY,Unicycive Therapeutics Inc.
UNF,Unifirst Corp./Ma
UNFI,United Natural Foods Inc.
UNH,Unitedhealth Group Inc.
UNIONBANK,Union Bank of India
UNIT,Uniti Group Inc.
UNITDSPR,United Spirits Ltd.
UNM,Unum Group
UNOMINDA,UNO Minda Ltd.
UNP,Union Pacific Corp.
UNTY,Unity Bancorp Inc.
UONE,Urban One Inc. Class A
UONEK,Urban One Inc.
UP,Wheels Up Experience Inc.
UPB,Upstream Bio Inc.
UPBD,Upbound Group Inc.
UPL,UPL Ltd.
UPLD,Upland Software Inc.
UPS,United Parcel Service Inc. Class B
UPST,Upstart Holdings Inc.
UPWK,Upwork Inc.
UPXI,Upexi Inc.
URBANCO,Urban Company Ltd.
URBN,Urban Outfitters Inc.
URG,Ur-Energy Inc.
URGN,Urogen Pharma Ltd
URI,United Rentals Inc.
USAR,Usa Rare Earth Inc.
USAU,Us Gold Corp.
USB,Us Bancorp
USCB,Uscb Financial Holdings Inc.
USEG,Us Energy Corp.
USFD,Us Foods Holding Corp.
USHAMART,Usha Martin Ltd.
USIO,Usio Inc.
USLM,United States Lime & Minerals Inc.
USNA,Usana Health Sciences Inc.
USPH,Us Physical Therapy Inc.
UTHR,United Therapeutics Corp.
UTI,Universal Technical Institute Inc.
UTIAMC,UTI Asset Management Company Ltd.
UTL,Unitil Corp.
UTLSOLAR,Fujiyama Power Systems Ltd.
UTMD,Utah Medical Products Inc.
UTZ,Utz Brands Inc.
UUUU,Energy Fuels Inc./Canada
UVE,Universal Insurance Holdings Inc.
UVSP,Univest Financial Corp.
UVV,Universal Corp./Va
UWMC,Uwm Holdings Corp.
V,Visa Inc. Class A
V2RETAIL,V2 Retail Ltd.
VABK,Virginia National Bankshares Corp.
VAC,Marriott Vacations Worldwide Corp.
VAIBHAVGBL,Vaibhav Global Ltd.
VAL,Valaris Ltd.
VANI,Vivani Medical Inc.
VARROC,Varroc Engineering Ltd.
VATE,Innovate Corp.
VBL,Varun Beverages Ltd.
VC,Visteon Corp.
VCEL,Vericel Corp.
VCTR,Victory Capital Holdings Inc. Class A
VCYT,Veracyte Inc.
VECO,Veeco Instruments Inc.
VEDL,Vedanta Ltd.
VEEA,Veea Inc.
VEEV,Veeva Systems Inc. Class A
VEL,Velocity Financial Inc.
VELO,Velo3D Inc.
VENTIVE,Ventive Hospitality Ltd.
VENU,Venu Holding Corp.
VERA,Vera Therapeutics Inc. Class A
VERI,Veritone Inc.
VERU,Veru Inc.
VERX,Vertex Inc. Class A
VFC,Vf Corp.
VG,Venture Global Inc. Class A
VGAS,Verde Clean Fuels Inc.
VGNT,Versigent Plc
VGUARD,V-Guard Industries Ltd.
VHC,Virnetx Holding Corp.
VIA,Via Transportation Inc. Class A
VIAV,Viavi Solutions Inc.
VICI,Vici Properties Inc. Class A
VICR,Vicor Corp.
VIJAYA,Vijaya Diagnostic Centre Ltd.
VIK,Viking Holdings
VIKRAMSOLR,Vikram Solar Ltd.
VIPIND,V.I.P. Industries Ltd.
VIR,Vir Biotechnology Inc.
VIRC,Virco Mfg. Corp.
VIRT,Virtu Financial Inc. Class A
VISN,Vistance Networks Inc.
VITL,Vital Farms Inc.
VIYASH,Viyash Scientific Ltd.
VKTX,Viking Therapeutics Inc.
VLGEA,Village Super Market Inc. Class A
VLO,Valero Energy Corp.
VLTO,Veralto Corp.
VLY,Valley National Bancorp
VMART,V-Mart Retail Ltd.
VMC,Vulcan Materials Co.
VMD,Viemed Healthcare Inc.
VMI,Valmont Industries Inc.
VMM,Vishal Mega Mart Ltd.
VNDA,Vanda Pharmaceuticals Inc.
VNO,Vornado Realty Trust
VNOM,Viper Energy Inc. Class A
VNT,Vontier Corp.
VOLTAMP,Voltamp Transformers Ltd
VOLTAS,Voltas Ltd.
VOR,Vor Biopharma Inc.
VOYA,Voya Financial Inc.
VOYG,Voyager Technologies Inc. Class A
VPG,Vishay Precision Group Inc.
VRA,Vera Bradley Inc.
VRCA,Verrica Pharmaceuticals Inc.
VRDN,Viridian Therapeutics Inc.
VRE,Veris Residential Inc.
VREX,Varex Imaging Corp.
VRNS,Varonis Systems Inc. Class B
VRRM,Verra Mobility Corp. Class A
VRSK,Verisk Analytics Inc. Class A
VRSN,Verisign Inc.
VRT,Vertiv Holdings Co. Class A
VRTS,Virtus Investment Partners Inc.
VRTX,Vertex Pharmaceuticals Inc.
VSAT,Viasat Inc.
VSCO,Victoria'S Secret & Co.
VSEC,Vse Corp.
VSH,Vishay Intertechnology Inc.
VSNT,Versant Media Group Inc.
VST,Vistra Corp.
VSTM,Verastem Inc.
VSTS,Vestis Corp.
VTGN,Vistagen Therapeutics Inc.
VTIX,Virtuix Holdings Inc. Class A
VTL,Vardhman Textiles Ltd.
VTOL,Bristow Group Inc.
VTR,Ventas Inc.
VTRS,Viatris Inc.
VTS,Vitesse Energy Inc.
VTSI,Virtra Inc.
VTVT,Vtv Therapeutics Inc. Class A
VUZI,Vuzix Corp.
VVOS,Vivos Therapeutics Inc.
VVV,Valvoline Inc.
VVX,V2X Inc.
VWAV,Visionwave Holdings Inc.
VYGR,Voyager Therapeutics Inc.
VYX,Ncr Voyix Corp.
VZ,Verizon Communications Inc.
W,Wayfair Inc.
WAAREEENER,Waaree Energies Ltd.
WAAREERTL,Waaree Renewable Technologies Ltd.
WAB,Wabtec Corp.
WABAG,Va Tech Wabag Ltd.
WABC,Westamerica Bancorp
WAFD,Wafd Inc.
WAKEFIT,Wakefit Innovations Ltd.
WAL,Western Alliance Bancorp
WALD,Waldencast Plc Class A
WASH,Washington Trust Bancorp Inc.
WAT,Waters Corp.
WAY,Waystar Holding Corp.
WBD,Warner Bros Discovery Inc.
WBS,Webster Financial Corp.
WCC,Wesco International Inc.
WCN,Waste Connections Inc.
WD,Walker & Dunlop Inc.
WDAY,Workday Inc. Class A
WDC,Western Digital Corp.
WDFC,Wd-40 Co.
WEAV,Weave Communications Inc.
WEBELSOLAR,Websol Energy System Ltd.
WEC,Wec Energy Group Inc.
WELCORP,Welspun Corp Ltd.
WELENT,Welspun Enterprises Ltd.
WELL,Welltower Inc.
WELSPUNLIV,Welspun Living Ltd.
WEN,Wendy'S Co.
WERN,Werner Enterprises Inc.
WEST,Westrock Coffee Co.
WESTLIFE,Westlife Foodworld Ltd.
WEWORK,WeWork India Management Ltd.
WEX,Wex Inc.
WEYS,Weyco Group Inc.
WFC,Wells Fargo & Co.
WFCF,Where Food Comes From Inc.
WFRD,Weatherford International Plc
WGO,Winnebago Industries Inc.
WGRX,Wellgistics Health Inc.
WGS,Genedx Holdings Corp. Class A
WH,Wyndham Hotels & Resorts Inc.
WHD,Cactus Inc. Class A
WHG,Westwood Holdings Group Inc.
WHIRLPOOL,Whirlpool of India Ltd.
WHR,Whirlpool Corp.
WHWK,Whitehawk Therapeutics Inc.
WINA,Winmark Corp.
WING,Wingstop Inc.
WIPRO,Wipro Ltd.
WK,Workiva Inc. Class A
WKC,World Kinect Corp.
WKSP,Worksport Ltd.
WLDN,Willdan Group Inc.
WLFC,Willis Lease Finance Corp.
WLK,Westlake Corp.
WLTH,Wealthfront Corp.
WLY,John Wiley & Sons Inc. Class A
WM,Waste Management Inc.
WMB,Williams Cos. Inc.
WMG,Warner Music Group Corp. Class A
WMK,Weis Markets Inc.
WMS,Advanced Drainage Systems Inc.
WMT,Walmart Inc.
WNC,Wabash National Corp.
WNEB,Western New England Bancorp Inc.
WOCKPHARMA,Wockhardt Ltd.
WOLF,Wolfspeed Inc.
WOOF,Petco Health & Wellness Co. Inc. Class A
WOR,Worthington Enterprises Inc.
WPC,Wp Carey Inc.
WRAP,Wrap Technologies Inc.
WRB,W R Berkley Corp.
WRBY,Warby Parker Inc. Class A
WRLD,World Acceptance Corp.
WS,Worthington Steel Inc.
WSBC,Wesbanco Inc.
WSBF,Waterstone Financial Inc.
WSBK,Winchester Bancorp Inc.
WSC,Willscot Holdings Corp.
WSFS,Wsfs Financial Corp.
WSM,Williams-Sonoma Inc.
WSO,Watsco Inc.
WSR,Whitestone Reit
WST,West Pharmaceutical Services Inc.
WT,Wisdomtree Inc.
WTBA,West Bancorp Inc.
WTFC,Wintrust Financial Corp.
WTI,W&T Offshore Inc.
WTM,White Mountains Insurance Group Ltd.
WTRG,Essential Utilities Inc.
WTS,Watts Water Technologies Inc. Class A
WTTR,Select Energy Services Inc. Class A
WTW,Willis Towers Watson Plc
WU,Western Union Co.
WULF,Terawulf Inc.
WVE,Wave Life Sciences Ltd
WVVI,Willamette Valley Vineyards Inc.
WWD,Woodward Inc.
WWR,Westwater Resources Inc.
WWW,Wolverine World Wide Inc.
WY,Weyerhaeuser Co.
WYNN,Wynn Resorts Ltd.
WYY,Widepoint Corp.
XCUR,Exicure Inc.
XEL,Xcel Energy Inc.
XENE,Xenon Pharmaceuticals Inc
XERS,Xeris Biopharma Holdings Inc.
XFOR,X4 Pharmaceuticals Inc.
XGN,Exagen Inc.
XHR,Xenia Hotels & Resorts Inc.
XLO,Xilio Therapeutics Inc.
XMTR,Xometry Inc. Class A
XNCR,Xencor Inc.
XOM,Exxon Mobil Corp.
XOMA,Xoma Royalty Corp.
XOS,Xos Inc.
XP,Xp Class A Inc
XPEL,Xpel Inc.
XPER,Xperi Inc.
XPL,Solitario Resources Corp.
XPO,Xpo Inc.
XPOF,Xponential Fitness Inc. Class A
XPRO,Expro Group Holdings Nv
XRAY,Dentsply Sirona Inc.
XRN,Chiron Real Estate Inc.
XRX,Xerox Holdings Corp.
XTIA,Xti Aerospace Inc.
XTNT,Xtant Medical Holdings Inc.
XWIN,Xmax Inc.
XYL,Xylem Inc./Ny
XYZ,Block Inc.
YATHARTH,Yatharth Hospital & Trauma Care Services Ltd.
YELP,Yelp Inc.
YESBANK,Yes Bank Ltd.
YETI,Yeti Holdings Inc.
YEXT,Yext Inc.
YORW,York Water Co.
YOU,Clear Secure Inc. Class A
YSS,York Space Systems Inc.
YUM,Yum! Brands Inc.
Z,Zillow Group Inc. Class C
ZAGGLE,Zaggle Prepaid Ocean Services Ltd.
ZBH,Zimmer Biomet Holdings Inc.
ZBIO,Zenas Biopharma Inc.
ZBRA,Zebra Technologies Corp.
ZD,Ziff Davis Inc.
ZDGE,Zedge Inc. Class B
ZEEL,Zee Entertainment Enterprises Ltd.
ZENSARTECH,Zensar Technolgies Ltd.
ZENTEC,Zen Technologies Ltd.
ZEO,Zeo Energy Corp.
ZETA,Zeta Global Holdings Corp. Class A
ZFCVINDIA,ZF Commercial Vehicle Control Systems India Ltd.
ZG,Zillow Group Inc. Class A
ZION,Zions Bancorp Na
ZIP,Ziprecruiter Inc.
ZM,Zoom Communications Inc. Class A
ZNTL,Zentalis Pharmaceuticals Inc.
ZONE,Cleancore Solutions Inc. Class B
ZS,Zscaler Inc.
ZTS,Zoetis Inc.
ZUMZ,Zumiez Inc.
ZVIA,Zevia Pbc Class A
ZVRA,Zevra Therapeutics Inc.
ZWS,Zurn Elkay Water Solutions Corp.
ZYDUSLIFE,Zydus Lifesciences Ltd.
ZYDUSWELL,Zydus Wellness Ltd.
ZYME,Zymeworks Inc.
